"","Date","Strain","BagNumber","StartingDensity","Alive","Dead","Site","FlipFreq","Total","Survivorship_StartingDensityBase","Survivorship_StartingDensityBase_Impute100","Survivorship_StartingDensityBase_Impute100_Percent","MortalityRate","MortalityRate_Impute0","PrevAlive","Notes","MoreOystersThanPrevious?","time_group","line"
"1",2024-05-23,"SJ","SJ 53",200,200,0,"CMAST","TwiceAWeek",200,1,1,100,0,0,"N/A","practice run",NA,NA,"line_1"
"2",2024-05-30,"BS","BS 5",200,195,4,"CMAST","TwiceAWeek",199,0.975,0.975,97.5,0.0201005025125628,0.0201005025125628,"N/A",NA,NA,"M1","line_2"
"3",2024-05-30,"BS","BS 6",50,49,0,"CMAST","TwiceAWeek",49,0.98,0.98,98,0,0,"N/A",NA,NA,"M1","line_2"
"4",2024-05-30,"BS","BS 7",200,200,1,"CMAST","EveryOther",201,1,1,100,0.00497512437810943,0.00497512437810943,"N/A",NA,NA,"M1","line_2"
"5",2024-05-30,"BS","BS 8",50,49,1,"CMAST","EveryOther",50,0.98,0.98,98,0.02,0.02,"N/A",NA,NA,"M1","line_2"
"6",2024-05-30,"CN","CN 25",50,50,0,"CMAST","EveryOther",50,1,1,100,0,0,"N/A",NA,NA,"M1","line_2"
"7",2024-05-30,"CN","CN 54",50,48,2,"CMAST","TwiceAWeek",50,0.96,0.96,96,0.04,0.04,"N/A",NA,NA,"M1","line_2"
"8",2024-05-30,"CN","CN 58",200,203,0,"CMAST","TwiceAWeek",203,1.015,1,100,0,0,"N/A",NA,NA,"M1","line_2"
"9",2024-05-30,"CS","CS 5",200,204,0,"CMAST","EveryOther",204,1.02,1,100,0,0,"N/A",NA,NA,"M1","line_1"
"10",2024-05-30,"CS","CS 6",50,49,0,"CMAST","EveryOther",49,0.98,0.98,98,0,0,"N/A",NA,NA,"M1","line_1"
"11",2024-05-30,"CS","CS 7",50,48,1,"CMAST","TwiceAWeek",49,0.96,0.96,96,0.0204081632653061,0.0204081632653061,"N/A",NA,NA,"M1","line_1"
"12",2024-05-30,"CS","CS 8",200,196,0,"CMAST","TwiceAWeek",196,0.98,0.98,98,0,0,"N/A",NA,NA,"M1","line_1"
"13",2024-05-30,"SJ","SJ 50",50,51,1,"CMAST","TwiceAWeek",52,1.02,1,100,0.0192307692307693,0.0192307692307693,"N/A",NA,NA,"M1","line_1"
"14",2024-05-30,"SJ","SJ 53",200,199,1,"CMAST","TwiceAWeek",200,0.995,0.995,99.5,0.005,0.005,"N/A",NA,NA,"M1","line_1"
"15",2024-05-30,"SJ","SJ 54",50,50,1,"CMAST","OnceAWeek",51,1,1,100,0.0196078431372549,0.0196078431372549,"N/A",NA,NA,"M1","line_1"
"16",2024-05-30,"SJ","SJ 56",150,151,0,"CMAST","OnceAWeek",151,1.00666666666667,1,100,0,0,"N/A",NA,NA,"M1","line_1"
"17",2024-05-30,"SJ","SJ 57",200,205,1,"CMAST","OnceAWeek",206,1.025,1,100,0.00485436893203883,0.00485436893203883,"N/A",NA,NA,"M1","line_1"
"18",2024-05-30,"SJ","SJ 58",50,50,0,"CMAST","EveryOther",50,1,1,100,0,0,"N/A",NA,NA,"M1","line_1"
"19",2024-05-30,"SJ","SJ 59",100,99,1,"CMAST","EveryOther",100,0.99,0.99,99,0.01,0.01,"N/A",NA,NA,"M1","line_1"
"20",2024-05-30,"SJ","SJ 60",150,153,0,"CMAST","EveryOther",153,1.02,1,100,0,0,"N/A",NA,NA,"M1","line_1"
"21",2024-05-31,"BS","BS 1",200,204,4,"DUML","TwiceAWeek",208,1.02,1,100,0.0192307692307693,0.0192307692307693,"N/A",NA,NA,"M1",NA
"22",2024-05-31,"BS","BS 2",50,49,0,"DUML","TwiceAWeek",49,0.98,0.98,98,0,0,"N/A",NA,NA,"M1",NA
"23",2024-05-31,"BS","BS 3",50,48,1,"DUML","EveryOther",49,0.96,0.96,96,0.0204081632653061,0.0204081632653061,"N/A",NA,NA,"M1",NA
"24",2024-05-31,"BS","BS 4",200,205,0,"DUML","EveryOther",205,1.025,1,100,0,0,"N/A",NA,NA,"M1",NA
"25",2024-05-31,"CN","CN 16",50,50,0,"DUML","TwiceAWeek",50,1,1,100,0,0,"N/A",NA,NA,"M1",NA
"26",2024-05-31,"CN","CN 17",200,205,2,"DUML","TwiceAWeek",207,1.025,1,100,0.00966183574879231,0.00966183574879231,"N/A",NA,NA,"M1",NA
"27",2024-05-31,"CN","CN 18",50,50,0,"DUML","EveryOther",50,1,1,100,0,0,"N/A",NA,NA,"M1",NA
"28",2024-05-31,"CN","CN 19",200,194,0,"DUML","EveryOther",194,0.97,0.97,97,0,0,"N/A",NA,NA,"M1",NA
"29",2024-05-31,"CS","CS 1",50,55,0,"DUML","TwiceAWeek",55,1.1,1,100,0,0,"N/A","lost one",NA,"M1",NA
"30",2024-05-31,"CS","CS 2",200,206,0,"DUML","TwiceAWeek",206,1.03,1,100,0,0,"N/A",NA,NA,"M1",NA
"31",2024-05-31,"CS","CS 3",50,50,0,"DUML","EveryOther",50,1,1,100,0,0,"N/A",NA,NA,"M1",NA
"32",2024-05-31,"CS","CS 4",200,201,0,"DUML","EveryOther",201,1.005,1,100,0,0,"N/A",NA,NA,"M1",NA
"33",2024-05-31,"SJ","SJ 1",50,51,1,"DUML","TwiceAWeek",52,1.02,1,100,0.0192307692307693,0.0192307692307693,"N/A",NA,NA,"M1",NA
"34",2024-05-31,"SJ","SJ 10",100,106,0,"DUML","EveryOther",106,1.06,1,100,0,0,"N/A",NA,NA,"M1",NA
"35",2024-05-31,"SJ","SJ 11",150,154,2,"DUML","EveryOther",156,1.02666666666667,1,100,0.0128205128205128,0.0128205128205128,"N/A",NA,NA,"M1",NA
"36",2024-05-31,"SJ","SJ 12",200,187,1,"DUML","EveryOther",188,0.935,0.935,93.5,0.00531914893617025,0.00531914893617025,"N/A",NA,NA,"M1",NA
"37",2024-05-31,"SJ","SJ 13",150,145,2,"DUML","TwiceAWeek",147,0.966666666666667,0.966666666666667,96.6666666666667,0.0136054421768708,0.0136054421768708,"N/A",NA,NA,"M1",NA
"38",2024-05-31,"SJ","SJ 2",100,96,0,"DUML","TwiceAWeek",96,0.96,0.96,96,0,0,"N/A",NA,NA,"M1",NA
"39",2024-05-31,"SJ","SJ 4",200,198,1,"DUML","TwiceAWeek",199,0.99,0.99,99,0.00502512562814073,0.00502512562814073,"N/A",NA,NA,"M1",NA
"40",2024-05-31,"SJ","SJ 5",100,115,0,"DUML","OnceAWeek",115,1.15,1,100,0,0,"N/A",NA,NA,"M1",NA
"41",2024-05-31,"SJ","SJ 6",50,52,1,"DUML","OnceAWeek",53,1.04,1,100,0.0188679245283019,0.0188679245283019,"N/A",NA,NA,"M1",NA
"42",2024-05-31,"SJ","SJ 7",150,148,2,"DUML","OnceAWeek",150,0.986666666666667,0.986666666666667,98.6666666666667,0.0133333333333333,0.0133333333333333,"N/A",NA,NA,"M1",NA
"43",2024-05-31,"SJ","SJ 9",50,55,0,"DUML","EveryOther",55,1.1,1,100,0,0,"N/A",NA,NA,"M1",NA
"44",2024-06-13,"BS","BS 5",200,196,0,"CMAST","TwiceAWeek",196,0.98,0.98,98,0,0,"195",NA,1,"J1","line_2"
"45",2024-06-13,"BS","BS 6",50,49,0,"CMAST","TwiceAWeek",49,0.98,0.98,98,0,0,"49",NA,0,"J1","line_2"
"46",2024-06-13,"BS","BS 7",200,201,2,"CMAST","EveryOther",203,1.005,1,100,0.00985221674876846,0.00985221674876846,"200",NA,3,"J1","line_2"
"47",2024-06-13,"BS","BS 8",50,49,0,"CMAST","EveryOther",49,0.98,0.98,98,0,0,"49",NA,0,"J1","line_2"
"48",2024-06-13,"CN","CN 25",50,50,0,"CMAST","EveryOther",50,1,1,100,0,0,"50",NA,0,"J1","line_2"
"49",2024-06-13,"CN","CN 54",50,48,0,"CMAST","TwiceAWeek",48,0.96,0.96,96,0,0,"48",NA,0,"J1","line_2"
"50",2024-06-13,"CN","CN 58",200,203,1,"CMAST","TwiceAWeek",204,1.015,1,100,0.00490196078431371,0.00490196078431371,"203",NA,1,"J1","line_2"
"51",2024-06-13,"CS","CS 5",200,205,0,"CMAST","EveryOther",205,1.025,1,100,0,0,"204",NA,1,"J1","line_1"
"52",2024-06-13,"CS","CS 6",50,48,0,"CMAST","EveryOther",48,0.96,0.96,96,0,0,"49",NA,-1,"J1","line_1"
"53",2024-06-13,"CS","CS 7",50,48,0,"CMAST","TwiceAWeek",48,0.96,0.96,96,0,0,"48",NA,0,"J1","line_1"
"54",2024-06-13,"CS","CS 8",200,194,1,"CMAST","TwiceAWeek",195,0.97,0.97,97,0.00512820512820511,0.00512820512820511,"196",NA,-1,"J1","line_1"
"55",2024-06-13,"SJ","SJ 50",50,52,0,"CMAST","TwiceAWeek",52,1.04,1,100,0,0,"51",NA,1,"J1","line_1"
"56",2024-06-13,"SJ","SJ 53",200,199,0,"CMAST","TwiceAWeek",199,0.995,0.995,99.5,0,0,"199",NA,0,"J1","line_1"
"57",2024-06-13,"SJ","SJ 54",50,50,0,"CMAST","OnceAWeek",50,1,1,100,0,0,"50",NA,0,"J1","line_1"
"58",2024-06-13,"SJ","SJ 56",150,151,0,"CMAST","OnceAWeek",151,1.00666666666667,1,100,0,0,"151",NA,0,"J1","line_1"
"59",2024-06-13,"SJ","SJ 57",200,206,0,"CMAST","OnceAWeek",206,1.03,1,100,0,0,"205",NA,1,"J1","line_1"
"60",2024-06-13,"SJ","SJ 58",50,50,0,"CMAST","EveryOther",50,1,1,100,0,0,"50",NA,0,"J1","line_1"
"61",2024-06-13,"SJ","SJ 59",100,99,0,"CMAST","EveryOther",99,0.99,0.99,99,0,0,"99",NA,0,"J1","line_1"
"62",2024-06-13,"SJ","SJ 60",150,150,0,"CMAST","EveryOther",150,1,1,100,0,0,"153",NA,-3,"J1","line_1"
"63",2024-06-14,"BS","BS 1",200,192,0,"DUML","TwiceAWeek",192,0.96,0.96,96,0,0,"204",NA,-12,"J1",NA
"64",2024-06-14,"BS","BS 2",50,49,1,"DUML","TwiceAWeek",50,0.98,0.98,98,0.02,0.02,"49",NA,1,"J1",NA
"65",2024-06-14,"BS","BS 3",50,48,0,"DUML","EveryOther",48,0.96,0.96,96,0,0,"48",NA,0,"J1",NA
"66",2024-06-14,"BS","BS 4",200,207,1,"DUML","EveryOther",208,1.035,1,100,0.00480769230769229,0.00480769230769229,"205",NA,3,"J1",NA
"67",2024-06-14,"CN","CN 16",50,50,0,"DUML","TwiceAWeek",50,1,1,100,0,0,"50",NA,0,"J1",NA
"68",2024-06-14,"CN","CN 17",200,184,1,"DUML","TwiceAWeek",185,0.92,0.92,92,0.00540540540540535,0.00540540540540535,"205",NA,-20,"J1",NA
"69",2024-06-14,"CN","CN 18",50,50,0,"DUML","EveryOther",50,1,1,100,0,0,"50",NA,0,"J1",NA
"70",2024-06-14,"CN","CN 19",200,198,1,"DUML","EveryOther",199,0.99,0.99,99,0.00502512562814073,0.00502512562814073,"194",NA,5,"J1",NA
"71",2024-06-14,"CS","CS 1",50,54,0,"DUML","TwiceAWeek",54,1.08,1,100,0,0,"54",NA,0,"J1",NA
"72",2024-06-14,"CS","CS 2",200,207,0,"DUML","TwiceAWeek",207,1.035,1,100,0,0,"206",NA,1,"J1",NA
"73",2024-06-14,"CS","CS 3",50,50,0,"DUML","EveryOther",50,1,1,100,0,0,"50",NA,0,"J1",NA
"74",2024-06-14,"CS","CS 4",200,205,0,"DUML","EveryOther",205,1.025,1,100,0,0,"201",NA,4,"J1",NA
"75",2024-06-14,"SJ","SJ 1",50,50,1,"DUML","TwiceAWeek",51,1,1,100,0.0196078431372549,0.0196078431372549,"51",NA,0,"J1",NA
"76",2024-06-14,"SJ","SJ 10",100,100,1,"DUML","EveryOther",101,1,1,100,0.00990099009900991,0.00990099009900991,"106",NA,-5,"J1",NA
"77",2024-06-14,"SJ","SJ 11",150,139,0,"DUML","EveryOther",139,0.926666666666667,0.926666666666667,92.6666666666667,0,0,"154",NA,-15,"J1",NA
"78",2024-06-14,"SJ","SJ 12",200,167,0,"DUML","EveryOther",167,0.835,0.835,83.5,0,0,"187",NA,-20,"J1",NA
"79",2024-06-14,"SJ","SJ 13",150,122,1,"DUML","TwiceAWeek",123,0.813333333333333,0.813333333333333,81.3333333333333,0.00813008130081305,0.00813008130081305,"145",NA,-22,"J1",NA
"80",2024-06-14,"SJ","SJ 2",100,99,0,"DUML","TwiceAWeek",99,0.99,0.99,99,0,0,"96",NA,3,"J1",NA
"81",2024-06-14,"SJ","SJ 4",200,188,3,"DUML","TwiceAWeek",191,0.94,0.94,94,0.0157068062827225,0.0157068062827225,"198",NA,-7,"J1",NA
"82",2024-06-14,"SJ","SJ 5",100,113,0,"DUML","OnceAWeek",113,1.13,1,100,0,0,"115",NA,-2,"J1",NA
"83",2024-06-14,"SJ","SJ 6",50,52,0,"DUML","OnceAWeek",52,1.04,1,100,0,0,"52",NA,0,"J1",NA
"84",2024-06-14,"SJ","SJ 7",150,149,0,"DUML","OnceAWeek",149,0.993333333333333,0.993333333333333,99.3333333333333,0,0,"148",NA,1,"J1",NA
"85",2024-06-14,"SJ","SJ 9",50,58,1,"DUML","EveryOther",59,1.16,1,100,0.0169491525423728,0.0169491525423728,"55",NA,4,"J1",NA
"86",2024-06-27,"BS","BS 5",200,196,1,"CMAST","TwiceAWeek",197,0.98,0.98,98,0.00507614213197971,0.00507614213197971,"196",NA,1,"J2","line_2"
"87",2024-06-27,"BS","BS 6",50,49,0,"CMAST","TwiceAWeek",49,0.98,0.98,98,0,0,"49",NA,0,"J2","line_2"
"88",2024-06-27,"BS","BS 7",200,196,0,"CMAST","EveryOther",196,0.98,0.98,98,0,0,"201",NA,-5,"J2","line_2"
"89",2024-06-27,"BS","BS 8",50,49,0,"CMAST","EveryOther",49,0.98,0.98,98,0,0,"49",NA,0,"J2","line_2"
"90",2024-06-27,"CN","CN 25",50,50,0,"CMAST","EveryOther",50,1,1,100,0,0,"50",NA,0,"J2","line_2"
"91",2024-06-27,"CN","CN 54",50,48,0,"CMAST","TwiceAWeek",48,0.96,0.96,96,0,0,"48",NA,0,"J2","line_2"
"92",2024-06-27,"CN","CN 58",200,201,0,"CMAST","TwiceAWeek",201,1.005,1,100,0,0,"203",NA,-2,"J2","line_2"
"93",2024-06-27,"CS","CS 5",200,204,0,"CMAST","EveryOther",204,1.02,1,100,0,0,"205",NA,-1,"J2","line_1"
"94",2024-06-27,"CS","CS 6",50,48,0,"CMAST","EveryOther",48,0.96,0.96,96,0,0,"48",NA,0,"J2","line_1"
"95",2024-06-27,"CS","CS 7",50,40,8,"CMAST","TwiceAWeek",48,0.8,0.8,80,0.166666666666667,0.166666666666667,"48",NA,0,"J2","line_1"
"96",2024-06-27,"CS","CS 8",200,194,0,"CMAST","TwiceAWeek",194,0.97,0.97,97,0,0,"194",NA,0,"J2","line_1"
"97",2024-06-27,"SJ","SJ 50",50,52,0,"CMAST","TwiceAWeek",52,1.04,1,100,0,0,"52",NA,0,"J2","line_1"
"98",2024-06-27,"SJ","SJ 53",200,198,1,"CMAST","TwiceAWeek",199,0.99,0.99,99,0.00502512562814073,0.00502512562814073,"199",NA,0,"J2","line_1"
"99",2024-06-27,"SJ","SJ 54",50,50,0,"CMAST","OnceAWeek",50,1,1,100,0,0,"50",NA,0,"J2","line_1"
"100",2024-06-27,"SJ","SJ 56",150,149,1,"CMAST","OnceAWeek",150,0.993333333333333,0.993333333333333,99.3333333333333,0.00666666666666671,0.00666666666666671,"151",NA,-1,"J2","line_1"
"101",2024-06-27,"SJ","SJ 57",200,197,0,"CMAST","OnceAWeek",197,0.985,0.985,98.5,0,0,"206",NA,-9,"J2","line_1"
"102",2024-06-27,"SJ","SJ 58",50,52,0,"CMAST","EveryOther",52,1.04,1,100,0,0,"50",NA,2,"J2","line_1"
"103",2024-06-27,"SJ","SJ 59",100,98,1,"CMAST","EveryOther",99,0.98,0.98,98,0.0101010101010101,0.0101010101010101,"99",NA,0,"J2","line_1"
"104",2024-06-27,"SJ","SJ 60",150,150,0,"CMAST","EveryOther",150,1,1,100,0,0,"150",NA,0,"J2","line_1"
"105",2024-06-28,"BS","BS 1",200,203,0,"DUML","TwiceAWeek",203,1.015,1,100,0,0,"192",NA,11,"J2",NA
"106",2024-06-28,"BS","BS 2",50,48,0,"DUML","TwiceAWeek",48,0.96,0.96,96,0,0,"49",NA,-1,"J2",NA
"107",2024-06-28,"BS","BS 3",50,47,0,"DUML","EveryOther",47,0.94,0.94,94,0,0,"48",NA,-1,"J2",NA
"108",2024-06-28,"BS","BS 4",200,195,0,"DUML","EveryOther",195,0.975,0.975,97.5,0,0,"207",NA,-12,"J2",NA
"109",2024-06-28,"CN","CN 16",50,50,0,"DUML","TwiceAWeek",50,1,1,100,0,0,"50",NA,0,"J2",NA
"110",2024-06-28,"CN","CN 17",200,201,0,"DUML","TwiceAWeek",201,1.005,1,100,0,0,"184",NA,17,"J2",NA
"111",2024-06-28,"CN","CN 18",50,50,0,"DUML","EveryOther",50,1,1,100,0,0,"50",NA,0,"J2",NA
"112",2024-06-28,"CN","CN 19",200,197,0,"DUML","EveryOther",197,0.985,0.985,98.5,0,0,"198",NA,-1,"J2",NA
"113",2024-06-28,"CS","CS 1",50,54,0,"DUML","TwiceAWeek",54,1.08,1,100,0,0,"54",NA,0,"J2",NA
"114",2024-06-28,"CS","CS 2",200,208,0,"DUML","TwiceAWeek",208,1.04,1,100,0,0,"207",NA,1,"J2",NA
"115",2024-06-28,"CS","CS 3",50,50,0,"DUML","EveryOther",50,1,1,100,0,0,"50",NA,0,"J2",NA
"116",2024-06-28,"CS","CS 4",200,205,0,"DUML","EveryOther",205,1.025,1,100,0,0,"205",NA,0,"J2",NA
"117",2024-06-28,"SJ","SJ 1",50,49,3,"DUML","TwiceAWeek",52,0.98,0.98,98,0.0576923076923077,0.0576923076923077,"50",NA,2,"J2",NA
"118",2024-06-28,"SJ","SJ 10",100,103,0,"DUML","EveryOther",103,1.03,1,100,0,0,"100",NA,3,"J2",NA
"119",2024-06-28,"SJ","SJ 11",150,147,0,"DUML","EveryOther",147,0.98,0.98,98,0,0,"139",NA,8,"J2",NA
"120",2024-06-28,"SJ","SJ 12",200,186,0,"DUML","EveryOther",186,0.93,0.93,93,0,0,"167",NA,19,"J2",NA
"121",2024-06-28,"SJ","SJ 13",150,141,1,"DUML","TwiceAWeek",142,0.94,0.94,94,0.00704225352112675,0.00704225352112675,"122",NA,20,"J2",NA
"122",2024-06-28,"SJ","SJ 2",100,97,0,"DUML","TwiceAWeek",97,0.97,0.97,97,0,0,"99",NA,-2,"J2",NA
"123",2024-06-28,"SJ","SJ 4",200,193,2,"DUML","TwiceAWeek",195,0.965,0.965,96.5,0.0102564102564102,0.0102564102564102,"188",NA,7,"J2",NA
"124",2024-06-28,"SJ","SJ 5",100,112,0,"DUML","OnceAWeek",112,1.12,1,100,0,0,"113",NA,-1,"J2",NA
"125",2024-06-28,"SJ","SJ 6",50,52,0,"DUML","OnceAWeek",52,1.04,1,100,0,0,"52",NA,0,"J2",NA
"126",2024-06-28,"SJ","SJ 7",150,153,2,"DUML","OnceAWeek",155,1.02,1,100,0.0129032258064516,0.0129032258064516,"149",NA,6,"J2",NA
"127",2024-06-28,"SJ","SJ 9",50,48,0,"DUML","EveryOther",48,0.96,0.96,96,0,0,"58",NA,-10,"J2",NA
"128",2024-07-11,"BS","BS 1",200,203,0,"DUML","TwiceAWeek",203,1.015,1,100,0,0,"203",NA,0,"L1",NA
"129",2024-07-11,"BS","BS 2",50,49,2,"DUML","TwiceAWeek",51,0.98,0.98,98,0.0392156862745098,0.0392156862745098,"48",NA,3,"L1",NA
"130",2024-07-11,"BS","BS 3",50,48,0,"DUML","EveryOther",48,0.96,0.96,96,0,0,"47",NA,1,"L1",NA
"131",2024-07-11,"BS","BS 4",200,205,0,"DUML","EveryOther",205,1.025,1,100,0,0,"195",NA,10,"L1",NA
"132",2024-07-11,"CN","CN 16",50,49,0,"DUML","TwiceAWeek",49,0.98,0.98,98,0,0,"50",NA,-1,"L1",NA
"133",2024-07-11,"CN","CN 17",200,199,1,"DUML","TwiceAWeek",200,0.995,0.995,99.5,0.005,0.005,"201",NA,-1,"L1",NA
"134",2024-07-11,"CN","CN 18",50,50,0,"DUML","EveryOther",50,1,1,100,0,0,"50",NA,0,"L1",NA
"135",2024-07-11,"CN","CN 19",200,196,0,"DUML","EveryOther",196,0.98,0.98,98,0,0,"197",NA,-1,"L1",NA
"136",2024-07-11,"CS","CS 1",50,51,0,"DUML","TwiceAWeek",51,1.02,1,100,0,0,"54",NA,-3,"L1",NA
"137",2024-07-11,"CS","CS 2",200,206,0,"DUML","TwiceAWeek",206,1.03,1,100,0,0,"208",NA,-2,"L1",NA
"138",2024-07-11,"CS","CS 3",50,49,0,"DUML","EveryOther",49,0.98,0.98,98,0,0,"50",NA,-1,"L1",NA
"139",2024-07-11,"CS","CS 4",200,200,0,"DUML","EveryOther",200,1,1,100,0,0,"205",NA,-5,"L1",NA
"140",2024-07-11,"SJ","SJ 1",50,49,0,"DUML","TwiceAWeek",49,0.98,0.98,98,0,0,"49",NA,0,"L1",NA
"141",2024-07-11,"SJ","SJ 10",100,104,0,"DUML","EveryOther",104,1.04,1,100,0,0,"103",NA,1,"L1",NA
"142",2024-07-11,"SJ","SJ 11",150,149,2,"DUML","EveryOther",151,0.993333333333333,0.993333333333333,99.3333333333333,0.0132450331125827,0.0132450331125827,"147",NA,4,"L1",NA
"143",2024-07-11,"SJ","SJ 12",200,183,2,"DUML","EveryOther",185,0.915,0.915,91.5,0.0108108108108108,0.0108108108108108,"186",NA,-1,"L1",NA
"144",2024-07-11,"SJ","SJ 13",150,141,2,"DUML","TwiceAWeek",143,0.94,0.94,94,0.013986013986014,0.013986013986014,"141",NA,2,"L1",NA
"145",2024-07-11,"SJ","SJ 2",100,96,0,"DUML","TwiceAWeek",96,0.96,0.96,96,0,0,"97",NA,-1,"L1",NA
"146",2024-07-11,"SJ","SJ 4",200,191,2,"DUML","TwiceAWeek",193,0.955,0.955,95.5,0.0103626943005182,0.0103626943005182,"193",NA,0,"L1",NA
"147",2024-07-11,"SJ","SJ 5",100,113,0,"DUML","OnceAWeek",113,1.13,1,100,0,0,"112",NA,1,"L1",NA
"148",2024-07-11,"SJ","SJ 6",50,51,0,"DUML","OnceAWeek",51,1.02,1,100,0,0,"52",NA,-1,"L1",NA
"149",2024-07-11,"SJ","SJ 7",150,148,3,"DUML","OnceAWeek",151,0.986666666666667,0.986666666666667,98.6666666666667,0.0198675496688742,0.0198675496688742,"153",NA,-2,"L1",NA
"150",2024-07-11,"SJ","SJ 9",50,52,4,"DUML","EveryOther",56,1.04,1,100,0.0714285714285714,0.0714285714285714,"48",NA,8,"L1",NA
"151",2024-07-12,"BS","BS 5",200,191,1,"CMAST","TwiceAWeek",192,0.955,0.955,95.5,0.00520833333333337,0.00520833333333337,"196",NA,-4,"L1","line_2"
"152",2024-07-12,"BS","BS 6",50,46,3,"CMAST","TwiceAWeek",49,0.92,0.92,92,0.0612244897959183,0.0612244897959183,"49",NA,0,"L1","line_2"
"153",2024-07-12,"BS","BS 7",200,198,0,"CMAST","EveryOther",198,0.99,0.99,99,0,0,"196",NA,2,"L1","line_2"
"154",2024-07-12,"BS","BS 8",50,50,0,"CMAST","EveryOther",50,1,1,100,0,0,"49",NA,1,"L1","line_2"
"155",2024-07-12,"CN","CN 25",50,49,0,"CMAST","EveryOther",49,0.98,0.98,98,0,0,"50",NA,-1,"L1","line_2"
"156",2024-07-12,"CN","CN 54",50,48,0,"CMAST","TwiceAWeek",48,0.96,0.96,96,0,0,"48",NA,0,"L1","line_2"
"157",2024-07-12,"CN","CN 58",200,204,0,"CMAST","TwiceAWeek",204,1.02,1,100,0,0,"201",NA,3,"L1","line_2"
"158",2024-07-12,"CS","CS 5",200,187,18,"CMAST","EveryOther",205,0.935,0.935,93.5,0.0878048780487805,0.0878048780487805,"204",NA,1,"L1","line_1"
"159",2024-07-12,"CS","CS 6",50,46,1,"CMAST","EveryOther",47,0.92,0.92,92,0.0212765957446809,0.0212765957446809,"48",NA,-1,"L1","line_1"
"160",2024-07-12,"CS","CS 7",50,40,0,"CMAST","TwiceAWeek",40,0.8,0.8,80,0,0,"40",NA,0,"L1","line_1"
"161",2024-07-12,"CS","CS 8",200,194,0,"CMAST","TwiceAWeek",194,0.97,0.97,97,0,0,"194",NA,0,"L1","line_1"
"162",2024-07-12,"SJ","SJ 50",50,51,1,"CMAST","TwiceAWeek",52,1.02,1,100,0.0192307692307693,0.0192307692307693,"52",NA,0,"L1","line_1"
"163",2024-07-12,"SJ","SJ 53",200,201,0,"CMAST","TwiceAWeek",201,1.005,1,100,0,0,"198",NA,3,"L1","line_1"
"164",2024-07-12,"SJ","SJ 54",50,50,0,"CMAST","OnceAWeek",50,1,1,100,0,0,"50",NA,0,"L1","line_1"
"165",2024-07-12,"SJ","SJ 56",150,150,0,"CMAST","OnceAWeek",150,1,1,100,0,0,"149",NA,1,"L1","line_1"
"166",2024-07-12,"SJ","SJ 57",200,200,0,"CMAST","OnceAWeek",200,1,1,100,0,0,"197",NA,3,"L1","line_1"
"167",2024-07-12,"SJ","SJ 58",50,50,0,"CMAST","EveryOther",50,1,1,100,0,0,"52",NA,-2,"L1","line_1"
"168",2024-07-12,"SJ","SJ 59",100,98,0,"CMAST","EveryOther",98,0.98,0.98,98,0,0,"98",NA,0,"L1","line_1"
"169",2024-07-12,"SJ","SJ 60",150,150,0,"CMAST","EveryOther",150,1,1,100,0,0,"150",NA,0,"L1","line_1"
"170",2024-07-25,"BS","BS 5",200,194,0,"CMAST","TwiceAWeek",194,0.97,0.97,97,0,0,"191",NA,3,"L2","line_2"
"171",2024-07-25,"BS","BS 6",50,44,1,"CMAST","TwiceAWeek",45,0.88,0.88,88,0.0222222222222223,0.0222222222222223,"46",NA,-1,"L2","line_2"
"172",2024-07-25,"BS","BS 7",200,198,0,"CMAST","EveryOther",198,0.99,0.99,99,0,0,"198",NA,0,"L2","line_2"
"173",2024-07-25,"BS","BS 8",50,50,0,"CMAST","EveryOther",50,1,1,100,0,0,"50",NA,0,"L2","line_2"
"174",2024-07-25,"CN","CN 25",50,47,3,"CMAST","EveryOther",50,0.94,0.94,94,0.06,0.06,"49",NA,1,"L2","line_2"
"175",2024-07-25,"CN","CN 54",50,48,0,"CMAST","TwiceAWeek",48,0.96,0.96,96,0,0,"48",NA,0,"L2","line_2"
"176",2024-07-25,"CN","CN 58",200,202,0,"CMAST","TwiceAWeek",202,1.01,1,100,0,0,"204",NA,-2,"L2","line_2"
"177",2024-07-25,"CS","CS 5",200,185,2,"CMAST","EveryOther",187,0.925,0.925,92.5,0.0106951871657754,0.0106951871657754,"187",NA,0,"L2","line_1"
"178",2024-07-25,"CS","CS 6",50,47,0,"CMAST","EveryOther",47,0.94,0.94,94,0,0,"46",NA,1,"L2","line_1"
"179",2024-07-25,"CS","CS 7",50,40,0,"CMAST","TwiceAWeek",40,0.8,0.8,80,0,0,"40",NA,0,"L2","line_1"
"180",2024-07-25,"CS","CS 8",200,193,1,"CMAST","TwiceAWeek",194,0.965,0.965,96.5,0.00515463917525771,0.00515463917525771,"194",NA,0,"L2","line_1"
"181",2024-07-25,"SJ","SJ 50",50,50,1,"CMAST","TwiceAWeek",51,1,1,100,0.0196078431372549,0.0196078431372549,"51",NA,0,"L2","line_1"
"182",2024-07-25,"SJ","SJ 53",200,198,0,"CMAST","TwiceAWeek",198,0.99,0.99,99,0,0,"201",NA,-3,"L2","line_1"
"183",2024-07-25,"SJ","SJ 54",50,49,1,"CMAST","OnceAWeek",50,0.98,0.98,98,0.02,0.02,"50",NA,0,"L2","line_1"
"184",2024-07-25,"SJ","SJ 56",150,149,1,"CMAST","OnceAWeek",150,0.993333333333333,0.993333333333333,99.3333333333333,0.00666666666666671,0.00666666666666671,"150",NA,0,"L2","line_1"
"185",2024-07-25,"SJ","SJ 57",200,205,1,"CMAST","OnceAWeek",206,1.025,1,100,0.00485436893203883,0.00485436893203883,"200",NA,6,"L2","line_1"
"186",2024-07-25,"SJ","SJ 58",50,48,0,"CMAST","EveryOther",48,0.96,0.96,96,0,0,"50",NA,-2,"L2","line_1"
"187",2024-07-25,"SJ","SJ 59",100,98,0,"CMAST","EveryOther",98,0.98,0.98,98,0,0,"98",NA,0,"L2","line_1"
"188",2024-07-25,"SJ","SJ 60",150,143,1,"CMAST","EveryOther",144,0.953333333333333,0.953333333333333,95.3333333333333,0.00694444444444442,0.00694444444444442,"150",NA,-6,"L2","line_1"
"189",2024-07-26,"BS","BS 1",200,203,0,"DUML","TwiceAWeek",203,1.015,1,100,0,0,"203",NA,0,"L2",NA
"190",2024-07-26,"BS","BS 2",50,48,1,"DUML","TwiceAWeek",49,0.96,0.96,96,0.0204081632653061,0.0204081632653061,"49",NA,0,"L2",NA
"191",2024-07-26,"CN","CN 16",50,49,1,"DUML","TwiceAWeek",50,0.98,0.98,98,0.02,0.02,"49",NA,1,"L2",NA
"192",2024-07-26,"CN","CN 17",200,200,0,"DUML","TwiceAWeek",200,1,1,100,0,0,"199",NA,1,"L2",NA
"193",2024-07-26,"CN","CN 18",50,51,0,"DUML","EveryOther",51,1.02,1,100,0,0,"50",NA,1,"L2",NA
"194",2024-07-26,"CN","CN 19",200,194,4,"DUML","EveryOther",198,0.97,0.97,97,0.0202020202020202,0.0202020202020202,"196",NA,2,"L2",NA
"195",2024-07-26,"CS","CS 3",50,48,2,"DUML","EveryOther",50,0.96,0.96,96,0.04,0.04,"49","Edited dead, Doesn't match growth sheet",1,"L2",NA
"196",2024-07-26,"CS","CS 4",200,204,0,"DUML","EveryOther",204,1.02,1,100,0,0,"200","should be 4 dead",4,"L2",NA
"197",2024-07-26,"SJ","SJ 1",50,47,0,"DUML","TwiceAWeek",47,0.94,0.94,94,0,0,"49",NA,-2,"L2",NA
"198",2024-07-26,"SJ","SJ 10",100,100,1,"DUML","EveryOther",101,1,1,100,0.00990099009900991,0.00990099009900991,"104",NA,-3,"L2",NA
"199",2024-07-26,"SJ","SJ 11",150,151,2,"DUML","EveryOther",153,1.00666666666667,1,100,0.0130718954248366,0.0130718954248366,"149",NA,4,"L2",NA
"200",2024-07-26,"SJ","SJ 12",200,169,3,"DUML","EveryOther",172,0.845,0.845,84.5,0.0174418604651163,0.0174418604651163,"183",NA,-11,"L2",NA
"201",2024-07-26,"SJ","SJ 13",150,138,4,"DUML","TwiceAWeek",142,0.92,0.92,92,0.028169014084507,0.028169014084507,"141",NA,1,"L2",NA
"202",2024-07-26,"SJ","SJ 2",100,98,1,"DUML","TwiceAWeek",99,0.98,0.98,98,0.0101010101010101,0.0101010101010101,"96",NA,3,"L2",NA
"203",2024-07-26,"SJ","SJ 4",200,191,2,"DUML","TwiceAWeek",193,0.955,0.955,95.5,0.0103626943005182,0.0103626943005182,"191",NA,2,"L2",NA
"204",2024-07-26,"SJ","SJ 5",100,112,0,"DUML","OnceAWeek",112,1.12,1,100,0,0,"113",NA,-1,"L2",NA
"205",2024-07-26,"SJ","SJ 6",50,48,1,"DUML","OnceAWeek",49,0.96,0.96,96,0.0204081632653061,0.0204081632653061,"51",NA,-2,"L2",NA
"206",2024-07-26,"SJ","SJ 7",150,144,4,"DUML","OnceAWeek",148,0.96,0.96,96,0.027027027027027,0.027027027027027,"148",NA,0,"L2",NA
"207",2024-07-26,"SJ","SJ 9",50,51,2,"DUML","EveryOther",53,1.02,1,100,0.0377358490566038,0.0377358490566038,"52",NA,1,"L2",NA
"208",2024-07-30,"BS","BS 3",50,48,2,"DUML","EveryOther",50,0.96,0.96,96,0.04,0.04,"48","Edited dead",2,"L2",NA
"209",2024-07-30,"BS","BS 4",200,200,0,"DUML","EveryOther",200,1,1,100,0,0,"205","Doesn't match growth sheet",-5,"L2",NA
"210",2024-07-30,"CS","CS 1",50,51,0,"DUML","TwiceAWeek",51,1.02,1,100,0,0,"51",NA,0,"L2",NA
"211",2024-07-30,"CS","CS 2",200,205,0,"DUML","TwiceAWeek",205,1.025,1,100,0,0,"206",NA,-1,"L2",NA
"212",2024-08-05,"BS","BS 5",200,193,0,"CMAST","TwiceAWeek",193,0.965,0.965,96.5,0,0,"194",NA,-1,"A1","line_2"
"213",2024-08-05,"BS","BS 6",50,44,0,"CMAST","TwiceAWeek",44,0.88,0.88,88,0,0,"45",NA,-1,"A1","line_2"
"214",2024-08-05,"BS","BS 7",200,188,0,"CMAST","EveryOther",188,0.94,0.94,94,0,0,"198",NA,-10,"A1","line_2"
"215",2024-08-05,"BS","BS 8",50,50,0,"CMAST","EveryOther",50,1,1,100,0,0,"50",NA,0,"A1","line_2"
"216",2024-08-05,"CN","CN 25",50,47,0,"CMAST","EveryOther",47,0.94,0.94,94,0,0,"50",NA,-3,"A1","line_2"
"217",2024-08-05,"CN","CN 54",50,48,0,"CMAST","TwiceAWeek",48,0.96,0.96,96,0,0,"48",NA,0,"A1","line_2"
"218",2024-08-05,"CN","CN 58",200,201,1,"CMAST","TwiceAWeek",202,1.005,1,100,0.00495049504950495,0.00495049504950495,"202",NA,0,"A1","line_2"
"219",2024-08-05,"CS","CS 5",200,182,3,"CMAST","EveryOther",185,0.91,0.91,91,0.0162162162162162,0.0162162162162162,"187",NA,-2,"A1","line_1"
"220",2024-08-05,"CS","CS 6",50,47,0,"CMAST","EveryOther",47,0.94,0.94,94,0,0,"47",NA,0,"A1","line_1"
"221",2024-08-05,"CS","CS 7",50,39,1,"CMAST","TwiceAWeek",40,0.78,0.78,78,0.025,0.025,"40",NA,0,"A1","line_1"
"222",2024-08-05,"CS","CS 8",200,191,2,"CMAST","TwiceAWeek",193,0.955,0.955,95.5,0.0103626943005182,0.0103626943005182,"194",NA,-1,"A1","line_1"
"223",2024-08-05,"SJ","SJ 50",50,50,0,"CMAST","TwiceAWeek",50,1,1,100,0,0,"51",NA,-1,"A1","line_1"
"224",2024-08-05,"SJ","SJ 53",200,194,4,"CMAST","TwiceAWeek",198,0.97,0.97,97,0.0202020202020202,0.0202020202020202,"198",NA,0,"A1","line_1"
"225",2024-08-05,"SJ","SJ 54",50,49,0,"CMAST","OnceAWeek",49,0.98,0.98,98,0,0,"50",NA,-1,"A1","line_1"
"226",2024-08-05,"SJ","SJ 56",150,147,1,"CMAST","OnceAWeek",148,0.98,0.98,98,0.0067567567567568,0.0067567567567568,"150",NA,-2,"A1","line_1"
"227",2024-08-05,"SJ","SJ 57",200,201,2,"CMAST","OnceAWeek",203,1.005,1,100,0.00985221674876846,0.00985221674876846,"206",NA,-3,"A1","line_1"
"228",2024-08-05,"SJ","SJ 58",50,47,1,"CMAST","EveryOther",48,0.94,0.94,94,0.0208333333333334,0.0208333333333334,"48",NA,0,"A1","line_1"
"229",2024-08-05,"SJ","SJ 59",100,103,0,"CMAST","EveryOther",103,1.03,1,100,0,0,"98",NA,5,"A1","line_1"
"230",2024-08-05,"SJ","SJ 60",150,149,1,"CMAST","EveryOther",150,0.993333333333333,0.993333333333333,99.3333333333333,0.00666666666666671,0.00666666666666671,"144",NA,6,"A1","line_1"
"231",2024-08-05,"BS","BS 1",200,202,1,"DUML","TwiceAWeek",203,1.01,1,100,0.00492610837438423,0.00492610837438423,"203",NA,0,"A1",NA
"232",2024-08-05,"BS","BS 2",50,48,0,"DUML","TwiceAWeek",48,0.96,0.96,96,0,0,"49",NA,-1,"A1",NA
"233",2024-08-05,"BS","BS 3",50,48,0,"DUML","EveryOther",48,0.96,0.96,96,0,0,"48",NA,0,"A1",NA
"234",2024-08-05,"BS","BS 4",200,200,0,"DUML","EveryOther",200,1,1,100,0,0,"204",NA,-4,"A1",NA
"235",2024-08-05,"CN","CN 16",50,49,0,"DUML","TwiceAWeek",49,0.98,0.98,98,0,0,"50",NA,-1,"A1",NA
"236",2024-08-05,"CN","CN 17",200,201,0,"DUML","TwiceAWeek",201,1.005,1,100,0,0,"200",NA,1,"A1",NA
"237",2024-08-05,"CN","CN 18",50,50,0,"DUML","EveryOther",50,1,1,100,0,0,"51",NA,-1,"A1",NA
"238",2024-08-05,"CN","CN 19",200,194,0,"DUML","EveryOther",194,0.97,0.97,97,0,0,"198",NA,-4,"A1",NA
"239",2024-08-05,"CS","CS 1",50,54,0,"DUML","TwiceAWeek",54,1.08,1,100,0,0,"51",NA,3,"A1",NA
"240",2024-08-05,"CS","CS 2",200,205,0,"DUML","TwiceAWeek",205,1.025,1,100,0,0,"205",NA,0,"A1",NA
"241",2024-08-05,"CS","CS 3",50,48,1,"DUML","EveryOther",49,0.96,0.96,96,0.0204081632653061,0.0204081632653061,"50",NA,-1,"A1",NA
"242",2024-08-05,"CS","CS 4",200,202,0,"DUML","EveryOther",202,1.01,1,100,0,0,"204",NA,-2,"A1",NA
"243",2024-08-05,"SJ","SJ 1",50,49,0,"DUML","TwiceAWeek",49,0.98,0.98,98,0,0,"47",NA,2,"A1",NA
"244",2024-08-05,"SJ","SJ 10",100,100,1,"DUML","EveryOther",101,1,1,100,0.00990099009900991,0.00990099009900991,"101",NA,0,"A1",NA
"245",2024-08-05,"SJ","SJ 11",150,143,3,"DUML","EveryOther",146,0.953333333333333,0.953333333333333,95.3333333333333,0.0205479452054794,0.0205479452054794,"152",NA,-6,"A1",NA
"246",2024-08-05,"SJ","SJ 12",200,175,1,"DUML","EveryOther",176,0.875,0.875,87.5,0.00568181818181823,0.00568181818181823,"172",NA,4,"A1",NA
"247",2024-08-05,"SJ","SJ 13",150,134,0,"DUML","TwiceAWeek",134,0.893333333333333,0.893333333333333,89.3333333333333,0,0,"142",NA,-8,"A1",NA
"248",2024-08-05,"SJ","SJ 2",100,95,1,"DUML","TwiceAWeek",96,0.95,0.95,95,0.0104166666666666,0.0104166666666666,"99",NA,-3,"A1",NA
"249",2024-08-05,"SJ","SJ 4",200,185,0,"DUML","TwiceAWeek",185,0.925,0.925,92.5,0,0,"193",NA,-8,"A1",NA
"250",2024-08-05,"SJ","SJ 5",100,115,0,"DUML","OnceAWeek",115,1.15,1,100,0,0,"112",NA,3,"A1",NA
"251",2024-08-05,"SJ","SJ 6",50,49,0,"DUML","OnceAWeek",49,0.98,0.98,98,0,0,"49",NA,0,"A1",NA
"252",2024-08-05,"SJ","SJ 7",150,141,0,"DUML","OnceAWeek",141,0.94,0.94,94,0,0,"148",NA,-7,"A1",NA
"253",2024-08-05,"SJ","SJ 9",50,51,1,"DUML","EveryOther",52,1.02,1,100,0.0192307692307693,0.0192307692307693,"52",NA,0,"A1",NA
"254",2024-08-23,"BS","BS 1",200,198,0,"DUML","TwiceAWeek",198,0.99,0.99,99,0,0,"202",NA,-4,"A2",NA
"255",2024-08-23,"BS","BS 2",50,47,0,"DUML","TwiceAWeek",47,0.94,0.94,94,0,0,"48",NA,-1,"A2",NA
"256",2024-08-23,"BS","BS 3",50,48,0,"DUML","EveryOther",48,0.96,0.96,96,0,0,"48",NA,0,"A2",NA
"257",2024-08-23,"BS","BS 4",200,199,1,"DUML","EveryOther",200,0.995,0.995,99.5,0.005,0.005,"200",NA,0,"A2",NA
"258",2024-08-23,"CN","CN 16",50,49,0,"DUML","TwiceAWeek",49,0.98,0.98,98,0,0,"49",NA,0,"A2",NA
"259",2024-08-23,"CN","CN 17",200,200,1,"DUML","TwiceAWeek",201,1,1,100,0.00497512437810943,0.00497512437810943,"201",NA,0,"A2",NA
"260",2024-08-23,"CN","CN 18",50,50,0,"DUML","EveryOther",50,1,1,100,0,0,"50",NA,0,"A2",NA
"261",2024-08-23,"CN","CN 19",200,190,3,"DUML","EveryOther",193,0.95,0.95,95,0.0155440414507773,0.0155440414507773,"194",NA,-1,"A2",NA
"262",2024-08-23,"CS","CS 1",50,54,0,"DUML","TwiceAWeek",54,1.08,1,100,0,0,"54",NA,0,"A2",NA
"263",2024-08-23,"CS","CS 2",200,205,1,"DUML","TwiceAWeek",206,1.025,1,100,0.00485436893203883,0.00485436893203883,"205",NA,1,"A2",NA
"264",2024-08-23,"CS","CS 3",50,48,0,"DUML","EveryOther",48,0.96,0.96,96,0,0,"48",NA,0,"A2",NA
"265",2024-08-23,"CS","CS 4",200,205,0,"DUML","EveryOther",205,1.025,1,100,0,0,"202",NA,3,"A2",NA
"266",2024-08-23,"SJ","SJ 1",50,45,0,"DUML","TwiceAWeek",45,0.9,0.9,90,0,0,"49",NA,-4,"A2",NA
"267",2024-08-23,"SJ","SJ 10",100,102,3,"DUML","EveryOther",105,1.02,1,100,0.0285714285714286,0.0285714285714286,"100",NA,5,"A2",NA
"268",2024-08-23,"SJ","SJ 11",150,140,4,"DUML","EveryOther",144,0.933333333333333,0.933333333333333,93.3333333333333,0.0277777777777778,0.0277777777777778,"143",NA,1,"A2",NA
"269",2024-08-23,"SJ","SJ 12",200,175,0,"DUML","EveryOther",175,0.875,0.875,87.5,0,0,"175",NA,0,"A2",NA
"270",2024-08-23,"SJ","SJ 13",150,132,4,"DUML","TwiceAWeek",136,0.88,0.88,88,0.0294117647058824,0.0294117647058824,"134",NA,2,"A2",NA
"271",2024-08-23,"SJ","SJ 2",100,92,2,"DUML","TwiceAWeek",94,0.92,0.92,92,0.0212765957446809,0.0212765957446809,"95",NA,-1,"A2",NA
"272",2024-08-23,"SJ","SJ 4",200,181,0,"DUML","TwiceAWeek",181,0.905,0.905,90.5,0,0,"185",NA,-4,"A2",NA
"273",2024-08-23,"SJ","SJ 5",100,114,0,"DUML","OnceAWeek",114,1.14,1,100,0,0,"115",NA,-1,"A2",NA
"274",2024-08-23,"SJ","SJ 6",50,49,1,"DUML","OnceAWeek",50,0.98,0.98,98,0.02,0.02,"49",NA,1,"A2",NA
"275",2024-08-23,"SJ","SJ 7",150,141,1,"DUML","OnceAWeek",142,0.94,0.94,94,0.00704225352112675,0.00704225352112675,"141",NA,1,"A2",NA
"276",2024-08-23,"SJ","SJ 9",50,51,0,"DUML","EveryOther",51,1.02,1,100,0,0,"51",NA,0,"A2",NA
"277",2024-08-24,"BS","BS 5",200,185,2,"CMAST","TwiceAWeek",187,0.925,0.925,92.5,0.0106951871657754,0.0106951871657754,"193",NA,-6,"A2","line_2"
"278",2024-08-24,"BS","BS 6",50,46,0,"CMAST","TwiceAWeek",46,0.92,0.92,92,0,0,"44",NA,2,"A2","line_2"
"279",2024-08-24,"BS","BS 7",200,191,5,"CMAST","EveryOther",196,0.955,0.955,95.5,0.0255102040816326,0.0255102040816326,"188",NA,8,"A2","line_2"
"280",2024-08-24,"BS","BS 8",50,49,1,"CMAST","EveryOther",50,0.98,0.98,98,0.02,0.02,"50",NA,0,"A2","line_2"
"281",2024-08-24,"CN","CN 25",50,47,0,"CMAST","EveryOther",47,0.94,0.94,94,0,0,"47",NA,0,"A2","line_2"
"282",2024-08-24,"CN","CN 54",50,47,1,"CMAST","TwiceAWeek",48,0.94,0.94,94,0.0208333333333334,0.0208333333333334,"48",NA,0,"A2","line_2"
"283",2024-08-24,"CN","CN 58",200,196,5,"CMAST","TwiceAWeek",201,0.98,0.98,98,0.0248756218905473,0.0248756218905473,"201",NA,0,"A2","line_2"
"284",2024-08-24,"CS","CS 5",200,167,14,"CMAST","EveryOther",181,0.835,0.835,83.5,0.0773480662983426,0.0773480662983426,"182",NA,-1,"A2","line_1"
"285",2024-08-24,"CS","CS 6",50,45,2,"CMAST","EveryOther",47,0.9,0.9,90,0.0425531914893617,0.0425531914893617,"47",NA,0,"A2","line_1"
"286",2024-08-24,"CS","CS 7",50,39,1,"CMAST","TwiceAWeek",40,0.78,0.78,78,0.025,0.025,"39",NA,1,"A2","line_1"
"287",2024-08-24,"CS","CS 8",200,170,15,"CMAST","TwiceAWeek",185,0.85,0.85,85,0.081081081081081,0.081081081081081,"191",NA,-6,"A2","line_1"
"288",2024-08-24,"SJ","SJ 50",50,46,0,"CMAST","TwiceAWeek",46,0.92,0.92,92,0,0,"50",NA,-4,"A2","line_1"
"289",2024-08-24,"SJ","SJ 53",200,172,0,"CMAST","TwiceAWeek",172,0.86,0.86,86,0,0,"194",NA,-22,"A2","line_1"
"290",2024-08-24,"SJ","SJ 54",50,42,8,"CMAST","OnceAWeek",50,0.84,0.84,84,0.16,0.16,"49",NA,1,"A2","line_1"
"291",2024-08-24,"SJ","SJ 56",150,143,4,"CMAST","OnceAWeek",147,0.953333333333333,0.953333333333333,95.3333333333333,0.0272108843537415,0.0272108843537415,"147",NA,0,"A2","line_1"
"292",2024-08-24,"SJ","SJ 57",200,196,12,"CMAST","OnceAWeek",208,0.98,0.98,98,0.0576923076923077,0.0576923076923077,"201",NA,7,"A2","line_1"
"293",2024-08-24,"SJ","SJ 58",50,47,2,"CMAST","EveryOther",49,0.94,0.94,94,0.0408163265306123,0.0408163265306123,"47",NA,2,"A2","line_1"
"294",2024-08-24,"SJ","SJ 59",100,98,0,"CMAST","EveryOther",98,0.98,0.98,98,0,0,"103",NA,-5,"A2","line_1"
"295",2024-08-24,"SJ","SJ 60",150,146,4,"CMAST","EveryOther",150,0.973333333333333,0.973333333333333,97.3333333333333,0.0266666666666666,0.0266666666666666,"149",NA,1,"A2","line_1"
"296",2024-09-19,"BS","BS 5",200,163,28,"CMAST","TwiceAWeek",191,0.815,0.815,81.5,0.146596858638743,0.146596858638743,"194",NA,-3,"S1","line_2"
"297",2024-09-19,"BS","BS 6",50,47,1,"CMAST","TwiceAWeek",48,0.94,0.94,94,0.0208333333333334,0.0208333333333334,"44",NA,4,"S1","line_2"
"298",2024-09-19,"BS","BS 7",200,187,10,"CMAST","EveryOther",197,0.935,0.935,93.5,0.050761421319797,0.050761421319797,"198",NA,-1,"S1","line_2"
"299",2024-09-19,"BS","BS 8",50,46,1,"CMAST","EveryOther",47,0.92,0.92,92,0.0212765957446809,0.0212765957446809,"50",NA,-3,"S1","line_2"
"300",2024-09-19,"CN","CN 25",50,39,0,"CMAST","EveryOther",39,0.78,0.78,78,0,0,"47",NA,-8,"S1","line_2"
"301",2024-09-19,"CN","CN 54",50,46,1,"CMAST","TwiceAWeek",47,0.92,0.92,92,0.0212765957446809,0.0212765957446809,"48",NA,-1,"S1","line_2"
"302",2024-09-19,"CN","CN 58",200,178,14,"CMAST","TwiceAWeek",192,0.89,0.89,89,0.0729166666666666,0.0729166666666666,"202",NA,-10,"S1","line_2"
"303",2024-09-19,"CS","CS 5",200,142,13,"CMAST","EveryOther",155,0.71,0.71,71,0.0838709677419355,0.0838709677419355,"185",NA,-30,"S1","line_1"
"304",2024-09-19,"CS","CS 6",50,41,4,"CMAST","EveryOther",45,0.82,0.82,82,0.0888888888888889,0.0888888888888889,"47",NA,-2,"S1","line_1"
"305",2024-09-19,"CS","CS 7",50,34,4,"CMAST","TwiceAWeek",38,0.68,0.68,68,0.105263157894737,0.105263157894737,"40",NA,-2,"S1","line_1"
"306",2024-09-19,"CS","CS 8",200,161,16,"CMAST","TwiceAWeek",177,0.805,0.805,80.5,0.0903954802259888,0.0903954802259888,"193",NA,-16,"S1","line_1"
"307",2024-09-19,"SJ","SJ 50",50,28,18,"CMAST","TwiceAWeek",46,0.56,0.56,56,0.391304347826087,0.391304347826087,"50",NA,-4,"S1","line_1"
"308",2024-09-19,"SJ","SJ 53",200,166,16,"CMAST","TwiceAWeek",182,0.83,0.83,83,0.0879120879120879,0.0879120879120879,"198",NA,-16,"S1","line_1"
"309",2024-09-19,"SJ","SJ 54",50,39,2,"CMAST","OnceAWeek",41,0.78,0.78,78,0.0487804878048781,0.0487804878048781,"49",NA,-8,"S1","line_1"
"310",2024-09-19,"SJ","SJ 56",150,138,7,"CMAST","OnceAWeek",145,0.92,0.92,92,0.0482758620689655,0.0482758620689655,"149",NA,-4,"S1","line_1"
"311",2024-09-19,"SJ","SJ 57",200,174,19,"CMAST","OnceAWeek",193,0.87,0.87,87,0.0984455958549223,0.0984455958549223,"205",NA,-12,"S1","line_1"
"312",2024-09-19,"SJ","SJ 58",50,39,6,"CMAST","EveryOther",45,0.78,0.78,78,0.133333333333333,0.133333333333333,"48",NA,-3,"S1","line_1"
"313",2024-09-19,"SJ","SJ 59",100,89,9,"CMAST","EveryOther",98,0.89,0.89,89,0.0918367346938775,0.0918367346938775,"98",NA,0,"S1","line_1"
"314",2024-09-19,"SJ","SJ 60",150,128,7,"CMAST","EveryOther",135,0.853333333333333,0.853333333333333,85.3333333333333,0.0518518518518518,0.0518518518518518,"143",NA,-8,"S1","line_1"
"315",2024-09-20,"BS","BS 1",200,198,1,"DUML","TwiceAWeek",199,0.99,0.99,99,0.00502512562814073,0.00502512562814073,"198",NA,NA,"S1",NA
"316",2024-09-20,"BS","BS 2",50,48,0,"DUML","TwiceAWeek",48,0.96,0.96,96,0,0,"48",NA,NA,"S1",NA
"317",2024-09-20,"BS","BS 3",50,48,0,"DUML","EveryOther",48,0.96,0.96,96,0,0,"48",NA,NA,"S1",NA
"318",2024-09-20,"BS","BS 4",200,198,1,"DUML","EveryOther",199,0.99,0.99,99,0.00502512562814073,0.00502512562814073,"199",NA,NA,"S1",NA
"319",2024-09-20,"CN","CN 16",50,49,1,"DUML","TwiceAWeek",50,0.98,0.98,98,0.02,0.02,"49",NA,NA,"S1",NA
"320",2024-09-20,"CN","CN 17",200,195,2,"DUML","TwiceAWeek",197,0.975,0.975,97.5,0.0101522842639594,0.0101522842639594,"200",NA,NA,"S1",NA
"321",2024-09-20,"CN","CN 18",50,48,1,"DUML","EveryOther",49,0.96,0.96,96,0.0204081632653061,0.0204081632653061,"50",NA,NA,"S1",NA
"322",2024-09-20,"CN","CN 19",200,186,3,"DUML","EveryOther",189,0.93,0.93,93,0.0158730158730159,0.0158730158730159,"190",NA,NA,"S1",NA
"323",2024-09-20,"CS","CS 1",50,54,0,"DUML","TwiceAWeek",54,1.08,1,100,0,0,"54",NA,NA,"S1",NA
"324",2024-09-20,"CS","CS 2",200,206,0,"DUML","TwiceAWeek",206,1.03,1,100,0,0,"205",NA,NA,"S1",NA
"325",2024-09-20,"CS","CS 3",50,46,0,"DUML","EveryOther",46,0.92,0.92,92,0,0,"48",NA,NA,"S1",NA
"326",2024-09-20,"SJ","SJ 1",50,48,0,"DUML","TwiceAWeek",48,0.96,0.96,96,0,0,"49",NA,NA,"S1",NA
"327",2024-09-20,"SJ","SJ 10",100,101,2,"DUML","EveryOther",103,1.01,1,100,0.0194174757281553,0.0194174757281553,"100",NA,NA,"S1",NA
"328",2024-09-20,"SJ","SJ 11",150,140,1,"DUML","EveryOther",141,0.933333333333333,0.933333333333333,93.3333333333333,0.00709219858156029,0.00709219858156029,"143",NA,NA,"S1",NA
"329",2024-09-20,"SJ","SJ 12",200,179,4,"DUML","EveryOther",183,0.895,0.895,89.5,0.0218579234972678,0.0218579234972678,"175",NA,NA,"S1",NA
"330",2024-09-20,"SJ","SJ 13",150,140,2,"DUML","TwiceAWeek",142,0.933333333333333,0.933333333333333,93.3333333333333,0.0140845070422535,0.0140845070422535,"134",NA,NA,"S1",NA
"331",2024-09-20,"SJ","SJ 2",100,90,1,"DUML","TwiceAWeek",91,0.9,0.9,90,0.010989010989011,0.010989010989011,"95",NA,NA,"S1",NA
"332",2024-09-20,"SJ","SJ 4",200,178,3,"DUML","TwiceAWeek",181,0.89,0.89,89,0.0165745856353591,0.0165745856353591,"185",NA,NA,"S1",NA
"333",2024-09-20,"SJ","SJ 5",100,112,0,"DUML","OnceAWeek",112,1.12,1,100,0,0,"115",NA,NA,"S1",NA
"334",2024-09-20,"SJ","SJ 6",50,45,3,"DUML","OnceAWeek",48,0.9,0.9,90,0.0625,0.0625,"49",NA,NA,"S1",NA
"335",2024-09-20,"SJ","SJ 7",150,143,1,"DUML","OnceAWeek",144,0.953333333333333,0.953333333333333,95.3333333333333,0.00694444444444442,0.00694444444444442,"141",NA,NA,"S1",NA
"336",2024-09-20,"SJ","SJ 9",50,52,0,"DUML","EveryOther",52,1.04,1,100,0,0,"51",NA,NA,"S1",NA
"337",2024-10-05,"BS","BS 5",200,144,15,"CMAST","TwiceAWeek",159,0.72,0.72,72,0.0943396226415094,0.0943396226415094,"163",NA,-4,"O1","line_2"
"338",2024-10-05,"BS","BS 6",50,40,3,"CMAST","TwiceAWeek",43,0.8,0.8,80,0.0697674418604651,0.0697674418604651,"47",NA,-4,"O1","line_2"
"339",2024-10-05,"BS","BS 7",200,171,4,"CMAST","EveryOther",175,0.855,0.855,85.5,0.0228571428571429,0.0228571428571429,"187",NA,-12,"O1","line_2"
"340",2024-10-05,"BS","BS 8",50,47,1,"CMAST","EveryOther",48,0.94,0.94,94,0.0208333333333334,0.0208333333333334,"46",NA,2,"O1","line_2"
"341",2024-10-05,"CN","CN 25",50,45,2,"CMAST","EveryOther",47,0.9,0.9,90,0.0425531914893617,0.0425531914893617,"39",NA,8,"O1","line_2"
"342",2024-10-05,"CN","CN 54",50,44,2,"CMAST","TwiceAWeek",46,0.88,0.88,88,0.0434782608695652,0.0434782608695652,"46",NA,0,"O1","line_2"
"343",2024-10-05,"CN","CN 58",200,171,13,"CMAST","TwiceAWeek",184,0.855,0.855,85.5,0.0706521739130435,0.0706521739130435,"178",NA,6,"O1","line_2"
"344",2024-10-05,"CS","CS 6",50,40,1,"CMAST","EveryOther",41,0.8,0.8,80,0.024390243902439,0.024390243902439,"41",NA,0,"O1","line_1"
"345",2024-10-05,"CS","CS 7",50,32,4,"CMAST","TwiceAWeek",36,0.64,0.64,64,0.111111111111111,0.111111111111111,"34",NA,2,"O1","line_1"
"346",2024-10-05,"CS","CS 8",200,151,6,"CMAST","TwiceAWeek",157,0.755,0.755,75.5,0.0382165605095541,0.0382165605095541,"161",NA,-4,"O1","line_1"
"347",2024-10-05,"SJ","SJ 50",50,28,0,"CMAST","TwiceAWeek",28,0.56,0.56,56,0,0,"28",NA,0,"O1","line_1"
"348",2024-10-05,"SJ","SJ 53",200,153,13,"CMAST","TwiceAWeek",166,0.765,0.765,76.5,0.0783132530120482,0.0783132530120482,"166",NA,0,"O1","line_1"
"349",2024-10-05,"SJ","SJ 54",50,39,0,"CMAST","OnceAWeek",39,0.78,0.78,78,0,0,"39",NA,0,"O1","line_1"
"350",2024-10-05,"SJ","SJ 56",150,133,2,"CMAST","OnceAWeek",135,0.886666666666667,0.886666666666667,88.6666666666667,0.0148148148148148,0.0148148148148148,"138",NA,-3,"O1","line_1"
"351",2024-10-05,"BS","BS 1",200,197,1,"DUML","TwiceAWeek",198,0.985,0.985,98.5,0.00505050505050508,0.00505050505050508,"198",NA,0,"O1",NA
"352",2024-10-05,"BS","BS 2",50,48,0,"DUML","TwiceAWeek",48,0.96,0.96,96,0,0,"47",NA,1,"O1",NA
"353",2024-10-05,"BS","BS 3",50,49,0,"DUML","EveryOther",49,0.98,0.98,98,0,0,"48",NA,1,"O1",NA
"354",2024-10-05,"BS","BS 4",200,192,0,"DUML","EveryOther",192,0.96,0.96,96,0,0,"199",NA,-7,"O1",NA
"355",2024-10-05,"CN","CN 16",50,46,1,"DUML","TwiceAWeek",47,0.92,0.92,92,0.0212765957446809,0.0212765957446809,"49",NA,-2,"O1",NA
"356",2024-10-05,"CN","CN 17",200,195,2,"DUML","TwiceAWeek",197,0.975,0.975,97.5,0.0101522842639594,0.0101522842639594,"200",NA,-3,"O1",NA
"357",2024-10-05,"CN","CN 18",50,50,0,"DUML","EveryOther",50,1,1,100,0,0,"50",NA,0,"O1",NA
"358",2024-10-05,"CN","CN 19",200,193,0,"DUML","EveryOther",193,0.965,0.965,96.5,0,0,"190",NA,3,"O1",NA
"359",2024-10-05,"CS","CS 1",50,58,0,"DUML","TwiceAWeek",58,1.16,1,100,0,0,"54",NA,4,"O1",NA
"360",2024-10-05,"CS","CS 2",200,207,0,"DUML","TwiceAWeek",207,1.035,1,100,0,0,"205",NA,2,"O1",NA
"361",2024-10-05,"CS","CS 3",50,48,0,"DUML","EveryOther",48,0.96,0.96,96,0,0,"48",NA,0,"O1",NA
"362",2024-10-05,"CS","CS 4",200,196,1,"DUML","EveryOther",197,0.98,0.98,98,0.00507614213197971,0.00507614213197971,"205",NA,-8,"O1",NA
"363",2024-10-05,"SJ","SJ 1",50,49,0,"DUML","TwiceAWeek",49,0.98,0.98,98,0,0,"45",NA,4,"O1",NA
"364",2024-10-05,"SJ","SJ 10",100,99,0,"DUML","EveryOther",99,0.99,0.99,99,0,0,"102",NA,-3,"O1",NA
"365",2024-10-05,"SJ","SJ 11",150,134,2,"DUML","EveryOther",136,0.893333333333333,0.893333333333333,89.3333333333333,0.0147058823529411,0.0147058823529411,"142",NA,-6,"O1",NA
"366",2024-10-05,"SJ","SJ 12",200,187,0,"DUML","EveryOther",187,0.935,0.935,93.5,0,0,"175",NA,12,"O1",NA
"367",2024-10-05,"SJ","SJ 13",150,124,1,"DUML","TwiceAWeek",125,0.826666666666667,0.826666666666667,82.6666666666667,0.00800000000000001,0.00800000000000001,"132",NA,-7,"O1",NA
"368",2024-10-05,"SJ","SJ 2",100,92,0,"DUML","TwiceAWeek",92,0.92,0.92,92,0,0,"92",NA,0,"O1",NA
"369",2024-10-05,"SJ","SJ 4",200,177,1,"DUML","TwiceAWeek",178,0.885,0.885,88.5,0.0056179775280899,0.0056179775280899,"181",NA,-3,"O1",NA
"370",2024-10-05,"SJ","SJ 5",100,112,2,"DUML","OnceAWeek",114,1.12,1,100,0.0175438596491229,0.0175438596491229,"114",NA,0,"O1",NA
"371",2024-10-05,"SJ","SJ 6",50,45,0,"DUML","OnceAWeek",45,0.9,0.9,90,0,0,"49",NA,-4,"O1",NA
"372",2024-10-05,"SJ","SJ 7",150,140,0,"DUML","OnceAWeek",140,0.933333333333333,0.933333333333333,93.3333333333333,0,0,"141",NA,-1,"O1",NA
"373",2024-10-05,"SJ","SJ 9",50,52,0,"DUML","EveryOther",52,1.04,1,100,0,0,"51",NA,1,"O1",NA
