Date,Strain,BagNumber,StartingDensity,Dead,Site,FlipFreq,Survivorship_StartingDensityBase,Survivorship_StartingDensityBase_Impute100,time_group,line,ActualInitialAliveCount,Total,Alive,PrevAlive,Alive_PreventFranken,Survivorship_ActualStartingDensityBase_PreventFranken,,,,,,,,,,,,,
5/30/24,BS,BS 5,200,4,CMAST,TwiceAWeek,0.975,0.975,M1,line_2,195,199,195,195,195,1,,,,,,,,,,,,,
6/13/24,BS,BS 5,200,0,CMAST,TwiceAWeek,0.98,0.98,J1,line_2,195,196,196,195,195,1,,,,,,,,,,,,,
6/27/24,BS,BS 5,200,1,CMAST,TwiceAWeek,0.98,0.98,J2,line_2,195,197,196,196,195,1,,,,,,,,,,,,,
7/12/24,BS,BS 5,200,1,CMAST,TwiceAWeek,0.955,0.955,L1,line_2,195,192,191,196,191,0.979487179,,,,,,,,,,,,,
7/25/24,BS,BS 5,200,0,CMAST,TwiceAWeek,0.97,0.97,L2,line_2,195,194,194,191,191,0.979487179,,,,,,,,,,,,,
8/5/24,BS,BS 5,200,0,CMAST,TwiceAWeek,0.965,0.965,A1,line_2,195,193,193,194,191,0.979487179,,,,,,,,,,,,,
8/24/24,BS,BS 5,200,2,CMAST,TwiceAWeek,0.925,0.925,A2,line_2,195,187,185,193,185,0.948717949,,,,,,,,,,,,,
9/19/24,BS,BS 5,200,28,CMAST,TwiceAWeek,0.815,0.815,S1,line_2,195,191,163,185,163,0.835897436,,,,,,,,,,,,,
10/5/24,BS,BS 5,200,15,CMAST,TwiceAWeek,0.72,0.72,O1,line_2,195,159,144,163,144,0.738461538,,,,,,,,,,,,,
5/30/24,BS,BS 6,50,0,CMAST,TwiceAWeek,0.98,0.98,M1,line_2,49,49,49,50,49,1,,,,,,,,,,,,,
6/13/24,BS,BS 6,50,0,CMAST,TwiceAWeek,0.98,0.98,J1,line_2,49,49,49,49,49,1,,,,,,,,,,,,,
6/27/24,BS,BS 6,50,0,CMAST,TwiceAWeek,0.98,0.98,J2,line_2,49,49,49,49,49,1,,,,,,,,,,,,,
7/12/24,BS,BS 6,50,3,CMAST,TwiceAWeek,0.92,0.92,L1,line_2,49,49,46,49,46,0.93877551,,,,,,,,,,,,,
7/25/24,BS,BS 6,50,1,CMAST,TwiceAWeek,0.88,0.88,L2,line_2,49,45,44,46,44,0.897959184,,,,,,,,,,,,,
8/5/24,BS,BS 6,50,0,CMAST,TwiceAWeek,0.88,0.88,A1,line_2,49,44,44,44,44,0.897959184,,,,,,,,,,,,,
8/24/24,BS,BS 6,50,0,CMAST,TwiceAWeek,0.92,0.92,A2,line_2,49,46,46,44,44,0.897959184,,,,,,,,,,,,,
9/19/24,BS,BS 6,50,1,CMAST,TwiceAWeek,0.94,0.94,S1,line_2,49,48,47,46,44,0.897959184,,,,,,,,,,,,,
10/5/24,BS,BS 6,50,3,CMAST,TwiceAWeek,0.8,0.8,O1,line_2,49,43,40,47,40,0.816326531,,,,,,,,,,,,,
5/30/24,BS,BS 7,200,1,CMAST,EveryOther,1,1,M1,line_2,200,201,200,200,200,1,,,,,,,,,,,,,
6/13/24,BS,BS 7,200,2,CMAST,EveryOther,1.005,1,J1,line_2,200,203,201,200,200,1,,,,,,,,,,,,,
6/27/24,BS,BS 7,200,0,CMAST,EveryOther,0.98,0.98,J2,line_2,200,196,196,201,196,0.98,,,,,,,,,,,,,
7/12/24,BS,BS 7,200,0,CMAST,EveryOther,0.99,0.99,L1,line_2,200,198,198,196,196,0.98,,,,,,,,,,,,,
7/25/24,BS,BS 7,200,0,CMAST,EveryOther,0.99,0.99,L2,line_2,200,198,198,198,196,0.98,,,,,,,,,,,,,
8/5/24,BS,BS 7,200,0,CMAST,EveryOther,0.94,0.94,A1,line_2,200,188,188,198,188,0.94,,,,,,,,,,,,,
8/24/24,BS,BS 7,200,5,CMAST,EveryOther,0.955,0.955,A2,line_2,200,196,191,188,188,0.94,,,,,,,,,,,,,
9/19/24,BS,BS 7,200,10,CMAST,EveryOther,0.935,0.935,S1,line_2,200,197,187,191,187,0.935,,,,,,,,,,,,,
10/5/24,BS,BS 7,200,4,CMAST,EveryOther,0.855,0.855,O1,line_2,200,175,171,187,171,0.855,,,,,,,,,,,,,
5/30/24,BS,BS 8,50,1,CMAST,EveryOther,0.98,0.98,M1,line_2,49,50,49,50,49,1,,,,,,,,,,,,,
6/13/24,BS,BS 8,50,0,CMAST,EveryOther,0.98,0.98,J1,line_2,49,49,49,49,49,1,,,,,,,,,,,,,
6/27/24,BS,BS 8,50,0,CMAST,EveryOther,0.98,0.98,J2,line_2,49,49,49,49,49,1,,,,,,,,,,,,,
7/12/24,BS,BS 8,50,0,CMAST,EveryOther,1,1,L1,line_2,49,50,50,49,49,1,,,,,,,,,,,,,
7/25/24,BS,BS 8,50,0,CMAST,EveryOther,1,1,L2,line_2,49,50,50,50,49,1,,,,,,,,,,,,,
8/5/24,BS,BS 8,50,0,CMAST,EveryOther,1,1,A1,line_2,49,50,50,50,49,1,,,,,,,,,,,,,
8/24/24,BS,BS 8,50,1,CMAST,EveryOther,0.98,0.98,A2,line_2,49,50,49,50,49,1,,,,,,,,,,,,,
9/19/24,BS,BS 8,50,1,CMAST,EveryOther,0.92,0.92,S1,line_2,49,47,46,49,46,0.93877551,,,,,,,,,,,,,
10/5/24,BS,BS 8,50,1,CMAST,EveryOther,0.94,0.94,O1,line_2,49,48,47,46,46,0.93877551,,,,,,,,,,,,,
5/30/24,CN,CN 25,50,0,CMAST,EveryOther,1,1,M1,line_2,50,50,50,50,50,1,,,,,,,,,,,,,
6/13/24,CN,CN 25,50,0,CMAST,EveryOther,1,1,J1,line_2,50,50,50,50,50,1,,,,,,,,,,,,,
6/27/24,CN,CN 25,50,0,CMAST,EveryOther,1,1,J2,line_2,50,50,50,50,50,1,,,,,,,,,,,,,
7/12/24,CN,CN 25,50,0,CMAST,EveryOther,0.98,0.98,L1,line_2,50,49,49,50,49,0.98,,,,,,,,,,,,,
7/25/24,CN,CN 25,50,3,CMAST,EveryOther,0.94,0.94,L2,line_2,50,50,47,49,47,0.94,,,,,,,,,,,,,
8/5/24,CN,CN 25,50,0,CMAST,EveryOther,0.94,0.94,A1,line_2,50,47,47,47,47,0.94,,,,,,,,,,,,,
8/24/24,CN,CN 25,50,0,CMAST,EveryOther,0.94,0.94,A2,line_2,50,47,47,47,47,0.94,,,,,,,,,,,,,
9/19/24,CN,CN 25,50,0,CMAST,EveryOther,0.78,0.78,S1,line_2,50,39,39,47,39,0.78,,,,,,,,,,,,,
10/5/24,CN,CN 25,50,2,CMAST,EveryOther,0.9,0.9,O1,line_2,50,47,45,39,39,0.78,,,,,,,,,,,,,
5/30/24,CN,CN 54,50,2,CMAST,TwiceAWeek,0.96,0.96,M1,line_2,48,50,48,50,48,1,,,,,,,,,,,,,
6/13/24,CN,CN 54,50,0,CMAST,TwiceAWeek,0.96,0.96,J1,line_2,48,48,48,48,48,1,,,,,,,,,,,,,
6/27/24,CN,CN 54,50,0,CMAST,TwiceAWeek,0.96,0.96,J2,line_2,48,48,48,48,48,1,,,,,,,,,,,,,
7/12/24,CN,CN 54,50,0,CMAST,TwiceAWeek,0.96,0.96,L1,line_2,48,48,48,48,48,1,,,,,,,,,,,,,
7/25/24,CN,CN 54,50,0,CMAST,TwiceAWeek,0.96,0.96,L2,line_2,48,48,48,48,48,1,,,,,,,,,,,,,
8/5/24,CN,CN 54,50,0,CMAST,TwiceAWeek,0.96,0.96,A1,line_2,48,48,48,48,48,1,,,,,,,,,,,,,
8/24/24,CN,CN 54,50,1,CMAST,TwiceAWeek,0.94,0.94,A2,line_2,48,48,47,48,47,0.979166667,,,,,,,,,,,,,
9/19/24,CN,CN 54,50,1,CMAST,TwiceAWeek,0.92,0.92,S1,line_2,48,47,46,47,46,0.958333333,,,,,,,,,,,,,
10/5/24,CN,CN 54,50,2,CMAST,TwiceAWeek,0.88,0.88,O1,line_2,48,46,44,46,44,0.916666667,,,,,,,,,,,,,
5/30/24,CN,CN 58,200,0,CMAST,TwiceAWeek,1.015,1,M1,line_2,203,203,203,203,203,1,,,,,,,,,,,,,
6/13/24,CN,CN 58,200,1,CMAST,TwiceAWeek,1.015,1,J1,line_2,203,204,203,203,203,1,,,,,,,,,,,,,
6/27/24,CN,CN 58,200,0,CMAST,TwiceAWeek,1.005,1,J2,line_2,203,201,201,203,201,0.990147783,,,,,,,,,,,,,
7/12/24,CN,CN 58,200,0,CMAST,TwiceAWeek,1.02,1,L1,line_2,203,204,204,201,201,0.990147783,,,,,,,,,,,,,
7/25/24,CN,CN 58,200,0,CMAST,TwiceAWeek,1.01,1,L2,line_2,203,202,202,204,201,0.990147783,,,,,,,,,,,,,
8/5/24,CN,CN 58,200,1,CMAST,TwiceAWeek,1.005,1,A1,line_2,203,202,201,202,201,0.990147783,,,,,,,,,,,,,
8/24/24,CN,CN 58,200,5,CMAST,TwiceAWeek,0.98,0.98,A2,line_2,203,201,196,201,196,0.965517241,,,,,,,,,,,,,
9/19/24,CN,CN 58,200,14,CMAST,TwiceAWeek,0.89,0.89,S1,line_2,203,192,178,196,178,0.876847291,,,,,,,,,,,,,
10/5/24,CN,CN 58,200,13,CMAST,TwiceAWeek,0.855,0.855,O1,line_2,203,184,171,178,171,0.842364532,,,,,,,,,,,,,
5/30/24,CS,CS 5,200,0,CMAST,EveryOther,1.02,1,M1,line_1,204,204,204,204,204,1,,,,,,,,,,,,,
6/13/24,CS,CS 5,200,0,CMAST,EveryOther,1.025,1,J1,line_1,204,205,205,204,204,1,,,,,,,,,,,,,
6/27/24,CS,CS 5,200,0,CMAST,EveryOther,1.02,1,J2,line_1,204,204,204,205,204,1,,,,,,,,,,,,,
7/12/24,CS,CS 5,200,18,CMAST,EveryOther,0.935,0.935,L1,line_1,204,205,187,204,187,0.916666667,,,,,,,,,,,,,
7/25/24,CS,CS 5,200,2,CMAST,EveryOther,0.925,0.925,L2,line_1,204,187,185,187,185,0.906862745,,,,,,,,,,,,,
8/5/24,CS,CS 5,200,3,CMAST,EveryOther,0.91,0.91,A1,line_1,204,185,182,185,182,0.892156863,,,,,,,,,,,,,
8/24/24,CS,CS 5,200,14,CMAST,EveryOther,0.835,0.835,A2,line_1,204,181,167,182,167,0.818627451,,,,,,,,,,,,,
9/19/24,CS,CS 5,200,13,CMAST,EveryOther,0.71,0.71,S1,line_1,204,155,142,167,142,0.696078431,,,,,,,,,,,,,
5/30/24,CS,CS 6,50,0,CMAST,EveryOther,0.98,0.98,M1,line_1,49,49,49,49,49,1,,,,,,,,,,,,,
6/13/24,CS,CS 6,50,0,CMAST,EveryOther,0.96,0.96,J1,line_1,49,48,48,49,48,0.979591837,,,,,,,,,,,,,
6/27/24,CS,CS 6,50,0,CMAST,EveryOther,0.96,0.96,J2,line_1,49,48,48,48,48,0.979591837,,,,,,,,,,,,,
7/12/24,CS,CS 6,50,1,CMAST,EveryOther,0.92,0.92,L1,line_1,49,47,46,48,46,0.93877551,,,,,,,,,,,,,
7/25/24,CS,CS 6,50,0,CMAST,EveryOther,0.94,0.94,L2,line_1,49,47,47,46,46,0.93877551,,,,,,,,,,,,,
8/5/24,CS,CS 6,50,0,CMAST,EveryOther,0.94,0.94,A1,line_1,49,47,47,47,46,0.93877551,,,,,,,,,,,,,
8/24/24,CS,CS 6,50,2,CMAST,EveryOther,0.9,0.9,A2,line_1,49,47,45,47,45,0.918367347,,,,,,,,,,,,,
9/19/24,CS,CS 6,50,4,CMAST,EveryOther,0.82,0.82,S1,line_1,49,45,41,45,41,0.836734694,,,,,,,,,,,,,
10/5/24,CS,CS 6,50,1,CMAST,EveryOther,0.8,0.8,O1,line_1,49,41,40,41,40,0.816326531,,,,,,,,,,,,,
5/30/24,CS,CS 7,50,1,CMAST,TwiceAWeek,0.96,0.96,M1,line_1,48,49,48,48,48,1,,,,,,,,,,,,,
6/13/24,CS,CS 7,50,0,CMAST,TwiceAWeek,0.96,0.96,J1,line_1,48,48,48,48,48,1,,,,,,,,,,,,,
6/27/24,CS,CS 7,50,8,CMAST,TwiceAWeek,0.8,0.8,J2,line_1,48,48,40,48,40,0.833333333,,,,,,,,,,,,,
7/12/24,CS,CS 7,50,0,CMAST,TwiceAWeek,0.8,0.8,L1,line_1,48,40,40,40,40,0.833333333,,,,,,,,,,,,,
7/25/24,CS,CS 7,50,0,CMAST,TwiceAWeek,0.8,0.8,L2,line_1,48,40,40,40,40,0.833333333,,,,,,,,,,,,,
8/5/24,CS,CS 7,50,1,CMAST,TwiceAWeek,0.78,0.78,A1,line_1,48,40,39,40,39,0.8125,,,,,,,,,,,,,
8/24/24,CS,CS 7,50,1,CMAST,TwiceAWeek,0.78,0.78,A2,line_1,48,40,39,39,39,0.8125,,,,,,,,,,,,,
9/19/24,CS,CS 7,50,4,CMAST,TwiceAWeek,0.68,0.68,S1,line_1,48,38,34,39,34,0.708333333,,,,,,,,,,,,,
10/5/24,CS,CS 7,50,4,CMAST,TwiceAWeek,0.64,0.64,O1,line_1,48,36,32,34,32,0.666666667,,,,,,,,,,,,,
5/30/24,CS,CS 8,200,0,CMAST,TwiceAWeek,0.98,0.98,M1,line_1,196,196,196,196,196,1,,,,,,,,,,,,,
6/13/24,CS,CS 8,200,1,CMAST,TwiceAWeek,0.97,0.97,J1,line_1,196,195,194,196,194,0.989795918,,,,,,,,,,,,,
6/27/24,CS,CS 8,200,0,CMAST,TwiceAWeek,0.97,0.97,J2,line_1,196,194,194,194,194,0.989795918,,,,,,,,,,,,,
7/12/24,CS,CS 8,200,0,CMAST,TwiceAWeek,0.97,0.97,L1,line_1,196,194,194,194,194,0.989795918,,,,,,,,,,,,,
7/25/24,CS,CS 8,200,1,CMAST,TwiceAWeek,0.965,0.965,L2,line_1,196,194,193,194,193,0.984693878,,,,,,,,,,,,,
8/5/24,CS,CS 8,200,2,CMAST,TwiceAWeek,0.955,0.955,A1,line_1,196,193,191,193,191,0.974489796,,,,,,,,,,,,,
8/24/24,CS,CS 8,200,15,CMAST,TwiceAWeek,0.85,0.85,A2,line_1,196,185,170,191,170,0.867346939,,,,,,,,,,,,,
9/19/24,CS,CS 8,200,16,CMAST,TwiceAWeek,0.805,0.805,S1,line_1,196,177,161,170,161,0.821428571,,,,,,,,,,,,,
10/5/24,CS,CS 8,200,6,CMAST,TwiceAWeek,0.755,0.755,O1,line_1,196,157,151,161,151,0.770408163,,,,,,,,,,,,,
5/30/24,SJ,SJ 50,50,1,CMAST,TwiceAWeek,1.02,1,M1,line_1,51,52,51,51,51,1,,,,,,,,,,,,,
6/13/24,SJ,SJ 50,50,0,CMAST,TwiceAWeek,1.04,1,J1,line_1,51,52,52,51,51,1,,,,,,,,,,,,,
6/27/24,SJ,SJ 50,50,0,CMAST,TwiceAWeek,1.04,1,J2,line_1,51,52,52,52,51,1,,,,,,,,,,,,,
7/12/24,SJ,SJ 50,50,1,CMAST,TwiceAWeek,1.02,1,L1,line_1,51,52,51,52,51,1,,,,,,,,,,,,,
7/25/24,SJ,SJ 50,50,1,CMAST,TwiceAWeek,1,1,L2,line_1,51,51,50,51,50,0.980392157,,,,,,,,,,,,,
8/5/24,SJ,SJ 50,50,0,CMAST,TwiceAWeek,1,1,A1,line_1,51,50,50,50,50,0.980392157,,,,,,,,,,,,,
8/24/24,SJ,SJ 50,50,0,CMAST,TwiceAWeek,0.92,0.92,A2,line_1,51,46,46,50,46,0.901960784,,,,,,,,,,,,,
9/19/24,SJ,SJ 50,50,18,CMAST,TwiceAWeek,0.56,0.56,S1,line_1,51,46,28,46,28,0.549019608,,,,,,,,,,,,,
10/5/24,SJ,SJ 50,50,0,CMAST,TwiceAWeek,0.56,0.56,O1,line_1,51,28,28,28,28,0.549019608,,,,,,,,,,,,,
5/23/24,SJ,SJ 53,200,0,CMAST,TwiceAWeek,1,1,,line_1,200,200,200,200,200,1,,,,,,,,,,,,,
5/30/24,SJ,SJ 53,200,1,CMAST,TwiceAWeek,0.995,0.995,M1,line_1,200,200,199,200,199,0.995,,,,,,,,,,,,,
6/13/24,SJ,SJ 53,200,0,CMAST,TwiceAWeek,0.995,0.995,J1,line_1,200,199,199,199,199,0.995,,,,,,,,,,,,,
6/27/24,SJ,SJ 53,200,1,CMAST,TwiceAWeek,0.99,0.99,J2,line_1,200,199,198,199,198,0.99,,,,,,,,,,,,,
7/12/24,SJ,SJ 53,200,0,CMAST,TwiceAWeek,1.005,1,L1,line_1,200,201,201,198,198,0.99,,,,,,,,,,,,,
7/25/24,SJ,SJ 53,200,0,CMAST,TwiceAWeek,0.99,0.99,L2,line_1,200,198,198,201,198,0.99,,,,,,,,,,,,,
8/5/24,SJ,SJ 53,200,4,CMAST,TwiceAWeek,0.97,0.97,A1,line_1,200,198,194,198,194,0.97,,,,,,,,,,,,,
8/24/24,SJ,SJ 53,200,0,CMAST,TwiceAWeek,0.86,0.86,A2,line_1,200,172,172,194,172,0.86,,,,,,,,,,,,,
9/19/24,SJ,SJ 53,200,16,CMAST,TwiceAWeek,0.83,0.83,S1,line_1,200,182,166,172,166,0.83,,,,,,,,,,,,,
10/5/24,SJ,SJ 53,200,13,CMAST,TwiceAWeek,0.765,0.765,O1,line_1,200,166,153,166,153,0.765,,,,,,,,,,,,,
5/30/24,SJ,SJ 54,50,1,CMAST,OnceAWeek,1,1,M1,line_1,50,51,50,50,50,1,,,,,,,,,,,,,
6/13/24,SJ,SJ 54,50,0,CMAST,OnceAWeek,1,1,J1,line_1,50,50,50,50,50,1,,,,,,,,,,,,,
6/27/24,SJ,SJ 54,50,0,CMAST,OnceAWeek,1,1,J2,line_1,50,50,50,50,50,1,,,,,,,,,,,,,
7/12/24,SJ,SJ 54,50,0,CMAST,OnceAWeek,1,1,L1,line_1,50,50,50,50,50,1,,,,,,,,,,,,,
7/25/24,SJ,SJ 54,50,1,CMAST,OnceAWeek,0.98,0.98,L2,line_1,50,50,49,50,49,0.98,,,,,,,,,,,,,
8/5/24,SJ,SJ 54,50,0,CMAST,OnceAWeek,0.98,0.98,A1,line_1,50,49,49,49,49,0.98,,,,,,,,,,,,,
8/24/24,SJ,SJ 54,50,8,CMAST,OnceAWeek,0.84,0.84,A2,line_1,50,50,42,49,42,0.84,,,,,,,,,,,,,
9/19/24,SJ,SJ 54,50,2,CMAST,OnceAWeek,0.78,0.78,S1,line_1,50,41,39,42,39,0.78,,,,,,,,,,,,,
10/5/24,SJ,SJ 54,50,0,CMAST,OnceAWeek,0.78,0.78,O1,line_1,50,39,39,39,39,0.78,,,,,,,,,,,,,
5/30/24,SJ,SJ 56,150,0,CMAST,OnceAWeek,1.006666667,1,M1,line_1,151,151,151,151,151,1,,,,,,,,,,,,,
6/13/24,SJ,SJ 56,150,0,CMAST,OnceAWeek,1.006666667,1,J1,line_1,151,151,151,151,151,1,,,,,,,,,,,,,
6/27/24,SJ,SJ 56,150,1,CMAST,OnceAWeek,0.993333333,0.993333333,J2,line_1,151,150,149,151,149,0.986754967,,,,,,,,,,,,,
7/12/24,SJ,SJ 56,150,0,CMAST,OnceAWeek,1,1,L1,line_1,151,150,150,149,149,0.986754967,,,,,,,,,,,,,
7/25/24,SJ,SJ 56,150,1,CMAST,OnceAWeek,0.993333333,0.993333333,L2,line_1,151,150,149,150,149,0.986754967,,,,,,,,,,,,,
8/5/24,SJ,SJ 56,150,1,CMAST,OnceAWeek,0.98,0.98,A1,line_1,151,148,147,149,147,0.973509934,,,,,,,,,,,,,
8/24/24,SJ,SJ 56,150,4,CMAST,OnceAWeek,0.953333333,0.953333333,A2,line_1,151,147,143,147,143,0.947019868,,,,,,,,,,,,,
9/19/24,SJ,SJ 56,150,7,CMAST,OnceAWeek,0.92,0.92,S1,line_1,151,145,138,143,138,0.913907285,,,,,,,,,,,,,
10/5/24,SJ,SJ 56,150,2,CMAST,OnceAWeek,0.886666667,0.886666667,O1,line_1,151,135,133,138,133,0.880794702,,,,,,,,,,,,,
5/30/24,SJ,SJ 57,200,1,CMAST,OnceAWeek,1.025,1,M1,line_1,205,206,205,205,205,1,,,,,,,,,,,,,
6/13/24,SJ,SJ 57,200,0,CMAST,OnceAWeek,1.03,1,J1,line_1,205,206,206,205,205,1,,,,,,,,,,,,,
6/27/24,SJ,SJ 57,200,0,CMAST,OnceAWeek,0.985,0.985,J2,line_1,205,197,197,206,197,0.96097561,,,,,,,,,,,,,
7/12/24,SJ,SJ 57,200,0,CMAST,OnceAWeek,1,1,L1,line_1,205,200,200,197,197,0.96097561,,,,,,,,,,,,,
7/25/24,SJ,SJ 57,200,1,CMAST,OnceAWeek,1.025,1,L2,line_1,205,206,205,200,197,0.96097561,,,,,,,,,,,,,
8/5/24,SJ,SJ 57,200,2,CMAST,OnceAWeek,1.005,1,A1,line_1,205,203,201,205,197,0.96097561,,,,,,,,,,,,,
8/24/24,SJ,SJ 57,200,12,CMAST,OnceAWeek,0.98,0.98,A2,line_1,205,208,196,201,196,0.956097561,,,,,,,,,,,,,
9/19/24,SJ,SJ 57,200,19,CMAST,OnceAWeek,0.87,0.87,S1,line_1,205,193,174,196,174,0.848780488,,,,,,,,,,,,,
5/30/24,SJ,SJ 58,50,0,CMAST,EveryOther,1,1,M1,line_1,50,50,50,50,50,1,,,,,,,,,,,,,
6/13/24,SJ,SJ 58,50,0,CMAST,EveryOther,1,1,J1,line_1,50,50,50,50,50,1,,,,,,,,,,,,,
6/27/24,SJ,SJ 58,50,0,CMAST,EveryOther,1.04,1,J2,line_1,50,52,52,50,50,1,,,,,,,,,,,,,
7/12/24,SJ,SJ 58,50,0,CMAST,EveryOther,1,1,L1,line_1,50,50,50,52,50,1,,,,,,,,,,,,,
7/25/24,SJ,SJ 58,50,0,CMAST,EveryOther,0.96,0.96,L2,line_1,50,48,48,50,48,0.96,,,,,,,,,,,,,
8/5/24,SJ,SJ 58,50,1,CMAST,EveryOther,0.94,0.94,A1,line_1,50,48,47,48,47,0.94,,,,,,,,,,,,,
8/24/24,SJ,SJ 58,50,2,CMAST,EveryOther,0.94,0.94,A2,line_1,50,49,47,47,47,0.94,,,,,,,,,,,,,
9/19/24,SJ,SJ 58,50,6,CMAST,EveryOther,0.78,0.78,S1,line_1,50,45,39,47,39,0.78,,,,,,,,,,,,,
5/30/24,SJ,SJ 59,100,1,CMAST,EveryOther,0.99,0.99,M1,line_1,99,100,99,99,99,1,,,,,,,,,,,,,
6/13/24,SJ,SJ 59,100,0,CMAST,EveryOther,0.99,0.99,J1,line_1,99,99,99,99,99,1,,,,,,,,,,,,,
6/27/24,SJ,SJ 59,100,1,CMAST,EveryOther,0.98,0.98,J2,line_1,99,99,98,99,98,0.98989899,,,,,,,,,,,,,
7/12/24,SJ,SJ 59,100,0,CMAST,EveryOther,0.98,0.98,L1,line_1,99,98,98,98,98,0.98989899,,,,,,,,,,,,,
7/25/24,SJ,SJ 59,100,0,CMAST,EveryOther,0.98,0.98,L2,line_1,99,98,98,98,98,0.98989899,,,,,,,,,,,,,
8/5/24,SJ,SJ 59,100,0,CMAST,EveryOther,1.03,1,A1,line_1,99,103,103,98,98,0.98989899,,,,,,,,,,,,,
8/24/24,SJ,SJ 59,100,0,CMAST,EveryOther,0.98,0.98,A2,line_1,99,98,98,103,98,0.98989899,,,,,,,,,,,,,
9/19/24,SJ,SJ 59,100,9,CMAST,EveryOther,0.89,0.89,S1,line_1,99,98,89,98,89,0.898989899,,,,,,,,,,,,,
5/30/24,SJ,SJ 60,150,0,CMAST,EveryOther,1.02,1,M1,line_1,153,153,153,153,153,1,,,,,,,,,,,,,
6/13/24,SJ,SJ 60,150,0,CMAST,EveryOther,1,1,J1,line_1,153,150,150,153,150,0.980392157,,,,,,,,,,,,,
6/27/24,SJ,SJ 60,150,0,CMAST,EveryOther,1,1,J2,line_1,153,150,150,150,150,0.980392157,,,,,,,,,,,,,
7/12/24,SJ,SJ 60,150,0,CMAST,EveryOther,1,1,L1,line_1,153,150,150,150,150,0.980392157,,,,,,,,,,,,,
7/25/24,SJ,SJ 60,150,1,CMAST,EveryOther,0.953333333,0.953333333,L2,line_1,153,144,143,150,143,0.934640523,,,,,,,,,,,,,
8/5/24,SJ,SJ 60,150,1,CMAST,EveryOther,0.993333333,0.993333333,A1,line_1,153,150,149,143,143,0.934640523,,,,,,,,,,,,,
8/24/24,SJ,SJ 60,150,4,CMAST,EveryOther,0.973333333,0.973333333,A2,line_1,153,150,146,149,143,0.934640523,,,,,,,,,,,,,
9/19/24,SJ,SJ 60,150,7,CMAST,EveryOther,0.853333333,0.853333333,S1,line_1,153,135,128,146,128,0.836601307,,,,,,,,,,,,,
5/31/24,BS,BS 1,200,4,DUML,TwiceAWeek,1.02,1,M1,,204,208,204,204,204,1,,,,,,,,,,,,,
6/14/24,BS,BS 1,200,0,DUML,TwiceAWeek,0.96,0.96,J1,,204,192,192,204,192,0.941176471,,,,,,,,,,,,,
6/28/24,BS,BS 1,200,0,DUML,TwiceAWeek,1.015,1,J2,,204,203,203,192,192,0.941176471,,,,,,,,,,,,,
7/11/24,BS,BS 1,200,0,DUML,TwiceAWeek,1.015,1,L1,,204,203,203,203,192,0.941176471,,,,,,,,,,,,,
7/26/24,BS,BS 1,200,0,DUML,TwiceAWeek,1.015,1,L2,,204,203,203,203,192,0.941176471,,,,,,,,,,,,,
8/5/24,BS,BS 1,200,1,DUML,TwiceAWeek,1.01,1,A1,,204,203,202,203,192,0.941176471,,,,,,,,,,,,,
8/23/24,BS,BS 1,200,0,DUML,TwiceAWeek,0.99,0.99,A2,,204,198,198,202,192,0.941176471,,,,,,,,,,,,,
9/20/24,BS,BS 1,200,1,DUML,TwiceAWeek,0.99,0.99,S1,,204,199,198,198,192,0.941176471,,,,,,,,,,,,,
10/5/24,BS,BS 1,200,1,DUML,TwiceAWeek,0.985,0.985,O1,,204,198,197,198,192,0.941176471,,,,,,,,,,,,,
5/31/24,BS,BS 2,50,0,DUML,TwiceAWeek,0.98,0.98,M1,,49,49,49,49,49,1,,,,,,,,,,,,,
6/14/24,BS,BS 2,50,1,DUML,TwiceAWeek,0.98,0.98,J1,,49,50,49,49,49,1,,,,,,,,,,,,,
6/28/24,BS,BS 2,50,0,DUML,TwiceAWeek,0.96,0.96,J2,,49,48,48,49,48,0.979591837,,,,,,,,,,,,,
7/11/24,BS,BS 2,50,2,DUML,TwiceAWeek,0.98,0.98,L1,,49,51,49,48,48,0.979591837,,,,,,,,,,,,,
7/26/24,BS,BS 2,50,1,DUML,TwiceAWeek,0.96,0.96,L2,,49,49,48,49,48,0.979591837,,,,,,,,,,,,,
8/5/24,BS,BS 2,50,0,DUML,TwiceAWeek,0.96,0.96,A1,,49,48,48,48,48,0.979591837,,,,,,,,,,,,,
8/23/24,BS,BS 2,50,0,DUML,TwiceAWeek,0.94,0.94,A2,,49,47,47,48,47,0.959183673,,,,,,,,,,,,,
9/20/24,BS,BS 2,50,0,DUML,TwiceAWeek,0.96,0.96,S1,,49,48,48,47,47,0.959183673,,,,,,,,,,,,,
10/5/24,BS,BS 2,50,0,DUML,TwiceAWeek,0.96,0.96,O1,,49,48,48,48,47,0.959183673,,,,,,,,,,,,,
5/31/24,BS,BS 3,50,1,DUML,EveryOther,0.96,0.96,M1,,48,49,48,48,48,1,,,,,,,,,,,,,
6/14/24,BS,BS 3,50,0,DUML,EveryOther,0.96,0.96,J1,,48,48,48,48,48,1,,,,,,,,,,,,,
6/28/24,BS,BS 3,50,0,DUML,EveryOther,0.94,0.94,J2,,48,47,47,48,47,0.979166667,,,,,,,,,,,,,
7/11/24,BS,BS 3,50,0,DUML,EveryOther,0.96,0.96,L1,,48,48,48,47,47,0.979166667,,,,,,,,,,,,,
7/30/24,BS,BS 3,50,2,DUML,EveryOther,0.96,0.96,L2,,48,50,48,48,47,0.979166667,,,,,,,,,,,,,
8/5/24,BS,BS 3,50,0,DUML,EveryOther,0.96,0.96,A1,,48,48,48,48,47,0.979166667,,,,,,,,,,,,,
8/23/24,BS,BS 3,50,0,DUML,EveryOther,0.96,0.96,A2,,48,48,48,48,47,0.979166667,,,,,,,,,,,,,
9/20/24,BS,BS 3,50,0,DUML,EveryOther,0.96,0.96,S1,,48,48,48,48,47,0.979166667,,,,,,,,,,,,,
10/5/24,BS,BS 3,50,0,DUML,EveryOther,0.98,0.98,O1,,48,49,49,48,47,0.979166667,,,,,,,,,,,,,
5/31/24,BS,BS 4,200,0,DUML,EveryOther,1.025,1,M1,,205,205,205,205,205,1,,,,,,,,,,,,,
6/14/24,BS,BS 4,200,1,DUML,EveryOther,1.035,1,J1,,205,208,207,205,205,1,,,,,,,,,,,,,
6/28/24,BS,BS 4,200,0,DUML,EveryOther,0.975,0.975,J2,,205,195,195,207,195,0.951219512,,,,,,,,,,,,,
7/11/24,BS,BS 4,200,0,DUML,EveryOther,1.025,1,L1,,205,205,205,195,195,0.951219512,,,,,,,,,,,,,
7/30/24,BS,BS 4,200,0,DUML,EveryOther,1,1,L2,,205,200,200,205,195,0.951219512,,,,,,,,,,,,,
8/5/24,BS,BS 4,200,0,DUML,EveryOther,1,1,A1,,205,200,200,200,195,0.951219512,,,,,,,,,,,,,
8/23/24,BS,BS 4,200,1,DUML,EveryOther,0.995,0.995,A2,,205,200,199,200,195,0.951219512,,,,,,,,,,,,,
9/20/24,BS,BS 4,200,1,DUML,EveryOther,0.99,0.99,S1,,205,199,198,199,195,0.951219512,,,,,,,,,,,,,
10/5/24,BS,BS 4,200,0,DUML,EveryOther,0.96,0.96,O1,,205,192,192,198,192,0.936585366,,,,,,,,,,,,,
5/31/24,CN,CN 16,50,0,DUML,TwiceAWeek,1,1,M1,,50,50,50,50,50,1,,,,,,,,,,,,,
6/14/24,CN,CN 16,50,0,DUML,TwiceAWeek,1,1,J1,,50,50,50,50,50,1,,,,,,,,,,,,,
6/28/24,CN,CN 16,50,0,DUML,TwiceAWeek,1,1,J2,,50,50,50,50,50,1,,,,,,,,,,,,,
7/11/24,CN,CN 16,50,0,DUML,TwiceAWeek,0.98,0.98,L1,,50,49,49,50,49,0.98,,,,,,,,,,,,,
7/26/24,CN,CN 16,50,1,DUML,TwiceAWeek,0.98,0.98,L2,,50,50,49,49,49,0.98,,,,,,,,,,,,,
8/5/24,CN,CN 16,50,0,DUML,TwiceAWeek,0.98,0.98,A1,,50,49,49,49,49,0.98,,,,,,,,,,,,,
8/23/24,CN,CN 16,50,0,DUML,TwiceAWeek,0.98,0.98,A2,,50,49,49,49,49,0.98,,,,,,,,,,,,,
9/20/24,CN,CN 16,50,1,DUML,TwiceAWeek,0.98,0.98,S1,,50,50,49,49,49,0.98,,,,,,,,,,,,,
10/5/24,CN,CN 16,50,1,DUML,TwiceAWeek,0.92,0.92,O1,,50,47,46,49,46,0.92,,,,,,,,,,,,,
5/31/24,CN,CN 17,200,2,DUML,TwiceAWeek,1.025,1,M1,,205,207,205,205,205,1,,,,,,,,,,,,,
6/14/24,CN,CN 17,200,1,DUML,TwiceAWeek,0.92,0.92,J1,,205,185,184,205,184,0.897560976,,,,,,,,,,,,,
6/28/24,CN,CN 17,200,0,DUML,TwiceAWeek,1.005,1,J2,,205,201,201,184,184,0.897560976,,,,,,,,,,,,,
7/11/24,CN,CN 17,200,1,DUML,TwiceAWeek,0.995,0.995,L1,,205,200,199,201,184,0.897560976,,,,,,,,,,,,,
7/26/24,CN,CN 17,200,0,DUML,TwiceAWeek,1,1,L2,,205,200,200,199,184,0.897560976,,,,,,,,,,,,,
8/5/24,CN,CN 17,200,0,DUML,TwiceAWeek,1.005,1,A1,,205,201,201,200,184,0.897560976,,,,,,,,,,,,,
8/23/24,CN,CN 17,200,1,DUML,TwiceAWeek,1,1,A2,,205,201,200,201,184,0.897560976,,,,,,,,,,,,,
9/20/24,CN,CN 17,200,2,DUML,TwiceAWeek,0.975,0.975,S1,,205,197,195,200,184,0.897560976,,,,,,,,,,,,,
10/5/24,CN,CN 17,200,2,DUML,TwiceAWeek,0.975,0.975,O1,,205,197,195,195,184,0.897560976,,,,,,,,,,,,,
5/31/24,CN,CN 18,50,0,DUML,EveryOther,1,1,M1,,50,50,50,50,50,1,,,,,,,,,,,,,
6/14/24,CN,CN 18,50,0,DUML,EveryOther,1,1,J1,,50,50,50,50,50,1,,,,,,,,,,,,,
6/28/24,CN,CN 18,50,0,DUML,EveryOther,1,1,J2,,50,50,50,50,50,1,,,,,,,,,,,,,
7/11/24,CN,CN 18,50,0,DUML,EveryOther,1,1,L1,,50,50,50,50,50,1,,,,,,,,,,,,,
7/26/24,CN,CN 18,50,0,DUML,EveryOther,1.02,1,L2,,50,51,51,50,50,1,,,,,,,,,,,,,
8/5/24,CN,CN 18,50,0,DUML,EveryOther,1,1,A1,,50,50,50,51,50,1,,,,,,,,,,,,,
8/23/24,CN,CN 18,50,0,DUML,EveryOther,1,1,A2,,50,50,50,50,50,1,,,,,,,,,,,,,
9/20/24,CN,CN 18,50,1,DUML,EveryOther,0.96,0.96,S1,,50,49,48,50,48,0.96,,,,,,,,,,,,,
10/5/24,CN,CN 18,50,0,DUML,EveryOther,1,1,O1,,50,50,50,48,48,0.96,,,,,,,,,,,,,
5/31/24,CN,CN 19,200,0,DUML,EveryOther,0.97,0.97,M1,,194,194,194,194,194,1,,,,,,,,,,,,,
6/14/24,CN,CN 19,200,1,DUML,EveryOther,0.99,0.99,J1,,194,199,198,194,194,1,,,,,,,,,,,,,
6/28/24,CN,CN 19,200,0,DUML,EveryOther,0.985,0.985,J2,,194,197,197,198,194,1,,,,,,,,,,,,,
7/11/24,CN,CN 19,200,0,DUML,EveryOther,0.98,0.98,L1,,194,196,196,197,194,1,,,,,,,,,,,,,
7/26/24,CN,CN 19,200,4,DUML,EveryOther,0.97,0.97,L2,,194,198,194,196,194,1,,,,,,,,,,,,,
8/5/24,CN,CN 19,200,0,DUML,EveryOther,0.97,0.97,A1,,194,194,194,194,194,1,,,,,,,,,,,,,
8/23/24,CN,CN 19,200,3,DUML,EveryOther,0.95,0.95,A2,,194,193,190,194,190,0.979381443,,,,,,,,,,,,,
9/20/24,CN,CN 19,200,3,DUML,EveryOther,0.93,0.93,S1,,194,189,186,190,186,0.958762887,,,,,,,,,,,,,
10/5/24,CN,CN 19,200,0,DUML,EveryOther,0.965,0.965,O1,,194,193,193,186,186,0.958762887,,,,,,,,,,,,,
5/31/24,CS,CS 1,50,0,DUML,TwiceAWeek,1.1,1,M1,,55,55,55,55,55,1,,,,,,,,,,,,,
6/14/24,CS,CS 1,50,0,DUML,TwiceAWeek,1.08,1,J1,,55,54,54,55,54,0.981818182,,,,,,,,,,,,,
6/28/24,CS,CS 1,50,0,DUML,TwiceAWeek,1.08,1,J2,,55,54,54,54,54,0.981818182,,,,,,,,,,,,,
7/11/24,CS,CS 1,50,0,DUML,TwiceAWeek,1.02,1,L1,,55,51,51,54,51,0.927272727,,,,,,,,,,,,,
7/30/24,CS,CS 1,50,0,DUML,TwiceAWeek,1.02,1,L2,,55,51,51,51,51,0.927272727,,,,,,,,,,,,,
8/5/24,CS,CS 1,50,0,DUML,TwiceAWeek,1.08,1,A1,,55,54,54,51,51,0.927272727,,,,,,,,,,,,,
8/23/24,CS,CS 1,50,0,DUML,TwiceAWeek,1.08,1,A2,,55,54,54,54,51,0.927272727,,,,,,,,,,,,,
9/20/24,CS,CS 1,50,0,DUML,TwiceAWeek,1.08,1,S1,,55,54,54,54,51,0.927272727,,,,,,,,,,,,,
10/5/24,CS,CS 1,50,0,DUML,TwiceAWeek,1.16,1,O1,,55,58,58,54,51,0.927272727,,,,,,,,,,,,,
5/31/24,CS,CS 2,200,0,DUML,TwiceAWeek,1.03,1,M1,,206,206,206,206,206,1,,,,,,,,,,,,,
6/14/24,CS,CS 2,200,0,DUML,TwiceAWeek,1.035,1,J1,,206,207,207,206,206,1,,,,,,,,,,,,,
6/28/24,CS,CS 2,200,0,DUML,TwiceAWeek,1.04,1,J2,,206,208,208,207,206,1,,,,,,,,,,,,,
7/11/24,CS,CS 2,200,0,DUML,TwiceAWeek,1.03,1,L1,,206,206,206,208,206,1,,,,,,,,,,,,,
7/30/24,CS,CS 2,200,0,DUML,TwiceAWeek,1.025,1,L2,,206,205,205,206,205,0.995145631,,,,,,,,,,,,,
8/5/24,CS,CS 2,200,0,DUML,TwiceAWeek,1.025,1,A1,,206,205,205,205,205,0.995145631,,,,,,,,,,,,,
8/23/24,CS,CS 2,200,1,DUML,TwiceAWeek,1.025,1,A2,,206,206,205,205,205,0.995145631,,,,,,,,,,,,,
9/20/24,CS,CS 2,200,0,DUML,TwiceAWeek,1.03,1,S1,,206,206,206,205,205,0.995145631,,,,,,,,,,,,,
10/5/24,CS,CS 2,200,0,DUML,TwiceAWeek,1.035,1,O1,,206,207,207,206,205,0.995145631,,,,,,,,,,,,,
5/31/24,CS,CS 3,50,0,DUML,EveryOther,1,1,M1,,50,50,50,50,50,1,,,,,,,,,,,,,
6/14/24,CS,CS 3,50,0,DUML,EveryOther,1,1,J1,,50,50,50,50,50,1,,,,,,,,,,,,,
6/28/24,CS,CS 3,50,0,DUML,EveryOther,1,1,J2,,50,50,50,50,50,1,,,,,,,,,,,,,
7/11/24,CS,CS 3,50,0,DUML,EveryOther,0.98,0.98,L1,,50,49,49,50,49,0.98,,,,,,,,,,,,,
7/26/24,CS,CS 3,50,2,DUML,EveryOther,0.96,0.96,L2,,50,50,48,49,48,0.96,,,,,,,,,,,,,
8/5/24,CS,CS 3,50,1,DUML,EveryOther,0.96,0.96,A1,,50,49,48,48,48,0.96,,,,,,,,,,,,,
8/23/24,CS,CS 3,50,0,DUML,EveryOther,0.96,0.96,A2,,50,48,48,48,48,0.96,,,,,,,,,,,,,
9/20/24,CS,CS 3,50,0,DUML,EveryOther,0.92,0.92,S1,,50,46,46,48,46,0.92,,,,,,,,,,,,,
10/5/24,CS,CS 3,50,0,DUML,EveryOther,0.96,0.96,O1,,50,48,48,46,46,0.92,,,,,,,,,,,,,
5/31/24,CS,CS 4,200,0,DUML,EveryOther,1.005,1,M1,,201,201,201,201,201,1,,,,,,,,,,,,,
6/14/24,CS,CS 4,200,0,DUML,EveryOther,1.025,1,J1,,201,205,205,201,201,1,,,,,,,,,,,,,
6/28/24,CS,CS 4,200,0,DUML,EveryOther,1.025,1,J2,,201,205,205,205,201,1,,,,,,,,,,,,,
7/11/24,CS,CS 4,200,0,DUML,EveryOther,1,1,L1,,201,200,200,205,200,0.995024876,,,,,,,,,,,,,
7/26/24,CS,CS 4,200,0,DUML,EveryOther,1.02,1,L2,,201,204,204,200,200,0.995024876,,,,,,,,,,,,,
8/5/24,CS,CS 4,200,0,DUML,EveryOther,1.01,1,A1,,201,202,202,204,200,0.995024876,,,,,,,,,,,,,
8/23/24,CS,CS 4,200,0,DUML,EveryOther,1.025,1,A2,,201,205,205,202,200,0.995024876,,,,,,,,,,,,,
10/5/24,CS,CS 4,200,1,DUML,EveryOther,0.98,0.98,O1,,201,197,196,205,196,0.975124378,,,,,,,,,,,,,
6/7/24,MM,MM 1,100,1,DUML,TwiceAWeek,0.94,0.94,,,94,95,94,94,94,1,,,,,,,,,,,,,
6/14/24,MM,MM 1,100,1,DUML,TwiceAWeek,0.96,0.96,J1,,94,97,96,94,94,1,,,,,,,,,,,,,
6/28/24,MM,MM 1,100,0,DUML,TwiceAWeek,0.96,0.96,J2,,94,96,96,96,94,1,,,,,,,,,,,,,
7/11/24,MM,MM 1,100,0,DUML,TwiceAWeek,0.95,0.95,L1,,94,95,95,96,94,1,,,,,,,,,,,,,
7/26/24,MM,MM 1,100,0,DUML,TwiceAWeek,0.95,0.95,L2,,94,95,95,95,94,1,,,,,,,,,,,,,
8/5/24,MM,MM 1,100,2,DUML,TwiceAWeek,1,1,A1,,94,102,100,95,94,1,,,,,,,,,,,,,
8/23/24,MM,MM 1,100,4,DUML,TwiceAWeek,0.9,0.9,A2,,94,94,90,100,90,0.957446809,,,,,,,,,,,,,
6/7/24,MM,MM 10,100,2,DUML,EveryOther,0.98,0.98,,,98,100,98,98,98,1,,,,,,,,,,,,,
6/14/24,MM,MM 10,100,0,DUML,EveryOther,1.1,1,J1,,98,110,110,98,98,1,,,,,,,,,,,,,
6/28/24,MM,MM 10,100,1,DUML,EveryOther,1.09,1,J2,,98,110,109,110,98,1,,,,,,,,,,,,,
7/11/24,MM,MM 10,100,0,DUML,EveryOther,1.03,1,L1,,98,103,103,109,98,1,,,,,,,,,,,,,
7/30/24,MM,MM 10,100,1,DUML,EveryOther,0.96,0.96,L2,,98,97,96,103,96,0.979591837,,,,,,,,,,,,,
8/5/24,MM,MM 10,100,3,DUML,EveryOther,0.88,0.88,A1,,98,91,88,96,88,0.897959184,,,,,,,,,,,,,
8/23/24,MM,MM 10,100,2,DUML,EveryOther,0.94,0.94,A2,,98,96,94,88,88,0.897959184,,,,,,,,,,,,,
6/7/24,MM,MM 12,200,7,DUML,EveryOther,0.985,0.985,,,197,204,197,197,197,1,,,,,,,,,,,,,
6/14/24,MM,MM 12,200,5,DUML,EveryOther,0.94,0.94,J1,,197,193,188,197,188,0.954314721,,,,,,,,,,,,,
6/28/24,MM,MM 12,200,2,DUML,EveryOther,0.905,0.905,J2,,197,183,181,188,181,0.918781726,,,,,,,,,,,,,
7/11/24,MM,MM 12,200,2,DUML,EveryOther,0.89,0.89,L1,,197,180,178,181,178,0.903553299,,,,,,,,,,,,,
7/30/24,MM,MM 12,200,8,DUML,EveryOther,0.865,0.865,L2,,197,181,173,178,173,0.878172589,,,,,,,,,,,,,
8/5/24,MM,MM 12,200,5,DUML,EveryOther,0.865,0.865,A1,,197,178,173,173,173,0.878172589,,,,,,,,,,,,,
8/23/24,MM,MM 12,200,11,DUML,EveryOther,0.775,0.775,A2,,197,166,155,173,155,0.78680203,,,,,,,,,,,,,
6/5/24,MM,MM 2,50,1,DUML,TwiceAWeek,1,1,,,50,51,50,50,50,1,,,,,,,,,,,,,
6/14/24,MM,MM 2,50,0,DUML,TwiceAWeek,1,1,J1,,50,50,50,50,50,1,,,,,,,,,,,,,
6/28/24,MM,MM 2,50,0,DUML,TwiceAWeek,1.04,1,J2,,50,52,52,50,50,1,,,,,,,,,,,,,
7/11/24,MM,MM 2,50,0,DUML,TwiceAWeek,1,1,L1,,50,50,50,52,50,1,,,,,,,,,,,,,
7/26/24,MM,MM 2,50,0,DUML,TwiceAWeek,1,1,L2,,50,50,50,50,50,1,,,,,,,,,,,,,
8/5/24,MM,MM 2,50,0,DUML,TwiceAWeek,0.94,0.94,A1,,50,47,47,50,47,0.94,,,,,,,,,,,,,
8/23/24,MM,MM 2,50,3,DUML,TwiceAWeek,0.94,0.94,A2,,50,50,47,47,47,0.94,,,,,,,,,,,,,
6/7/24,MM,MM 3,200,10,DUML,TwiceAWeek,0.945,0.945,,,189,199,189,189,189,1,,,,,,,,,,,,,
6/14/24,MM,MM 3,200,8,DUML,TwiceAWeek,0.85,0.85,J1,,189,178,170,189,170,0.899470899,,,,,,,,,,,,,
6/28/24,MM,MM 3,200,3,DUML,TwiceAWeek,0.87,0.87,J2,,189,177,174,170,170,0.899470899,,,,,,,,,,,,,
7/11/24,MM,MM 3,200,0,DUML,TwiceAWeek,0.875,0.875,L1,,189,175,175,174,170,0.899470899,,,,,,,,,,,,,
7/26/24,MM,MM 3,200,6,DUML,TwiceAWeek,0.835,0.835,L2,,189,173,167,175,167,0.883597884,,,,,,,,,,,,,
8/5/24,MM,MM 3,200,2,DUML,TwiceAWeek,0.805,0.805,A1,,189,163,161,167,161,0.851851852,,,,,,,,,,,,,
8/23/24,MM,MM 3,200,8,DUML,TwiceAWeek,0.745,0.745,A2,,189,157,149,161,149,0.788359788,,,,,,,,,,,,,
6/5/24,MM,MM 4,150,8,DUML,TwiceAWeek,0.926666667,0.926666667,,,139,147,139,139,139,1,,,,,,,,,,,,,
6/14/24,MM,MM 4,150,0,DUML,TwiceAWeek,0.98,0.98,J1,,139,147,147,139,139,1,,,,,,,,,,,,,
6/28/24,MM,MM 4,150,3,DUML,TwiceAWeek,0.913333333,0.913333333,J2,,139,140,137,147,137,0.985611511,,,,,,,,,,,,,
7/11/24,MM,MM 4,150,0,DUML,TwiceAWeek,0.906666667,0.906666667,L1,,139,136,136,137,136,0.978417266,,,,,,,,,,,,,
7/26/24,MM,MM 4,150,6,DUML,TwiceAWeek,0.88,0.88,L2,,139,138,132,136,132,0.949640288,,,,,,,,,,,,,
8/5/24,MM,MM 4,150,1,DUML,TwiceAWeek,0.853333333,0.853333333,A1,,139,129,128,132,128,0.920863309,,,,,,,,,,,,,
8/23/24,MM,MM 4,150,9,DUML,TwiceAWeek,0.826666667,0.826666667,A2,,139,133,124,128,124,0.892086331,,,,,,,,,,,,,
6/5/24,MM,MM 5,100,1,DUML,OnceAWeek,1.11,1,,,111,112,111,111,111,1,,,,,,,,,,,,,
6/14/24,MM,MM 5,100,0,DUML,OnceAWeek,1.13,1,J1,,111,113,113,111,111,1,,,,,,,,,,,,,
6/28/24,MM,MM 5,100,2,DUML,OnceAWeek,1.09,1,J2,,111,111,109,113,109,0.981981982,,,,,,,,,,,,,
7/11/24,MM,MM 5,100,0,DUML,OnceAWeek,1.1,1,L1,,111,110,110,109,109,0.981981982,,,,,,,,,,,,,
7/30/24,MM,MM 5,100,9,DUML,OnceAWeek,1.04,1,L2,,111,113,104,110,104,0.936936937,,,,,,,,,,,,,
8/5/24,MM,MM 5,100,0,DUML,OnceAWeek,1.09,1,A1,,111,109,109,104,104,0.936936937,,,,,,,,,,,,,
8/23/24,MM,MM 5,100,0,DUML,OnceAWeek,1.02,1,A2,,111,102,102,109,102,0.918918919,,,,,,,,,,,,,
6/5/24,MM,MM 6,50,2,DUML,OnceAWeek,0.96,0.96,,,48,50,48,48,48,1,,,,,,,,,,,,,
6/14/24,MM,MM 6,50,1,DUML,OnceAWeek,1,1,J1,,48,51,50,48,48,1,,,,,,,,,,,,,
6/28/24,MM,MM 6,50,0,DUML,OnceAWeek,0.92,0.92,J2,,48,46,46,50,46,0.958333333,,,,,,,,,,,,,
7/11/24,MM,MM 6,50,0,DUML,OnceAWeek,0.96,0.96,L1,,48,48,48,46,46,0.958333333,,,,,,,,,,,,,
7/30/24,MM,MM 6,50,2,DUML,OnceAWeek,0.96,0.96,L2,,48,50,48,48,46,0.958333333,,,,,,,,,,,,,
8/5/24,MM,MM 6,50,0,DUML,OnceAWeek,0.92,0.92,A1,,48,46,46,48,46,0.958333333,,,,,,,,,,,,,
8/23/24,MM,MM 6,50,2,DUML,OnceAWeek,0.9,0.9,A2,,48,47,45,46,45,0.9375,,,,,,,,,,,,,
6/5/24,MM,MM 7,200,0,DUML,OnceAWeek,0.98,0.98,,,196,196,196,196,196,1,,,,,,,,,,,,,
6/14/24,MM,MM 7,200,0,DUML,OnceAWeek,0.985,0.985,J1,,196,197,197,196,196,1,,,,,,,,,,,,,
6/28/24,MM,MM 7,200,2,DUML,OnceAWeek,0.955,0.955,J2,,196,193,191,197,191,0.974489796,,,,,,,,,,,,,
7/11/24,MM,MM 7,200,0,DUML,OnceAWeek,0.96,0.96,L1,,196,192,192,191,191,0.974489796,,,,,,,,,,,,,
7/30/24,MM,MM 7,200,3,DUML,OnceAWeek,0.925,0.925,L2,,196,188,185,192,185,0.943877551,,,,,,,,,,,,,
8/5/24,MM,MM 7,200,0,DUML,OnceAWeek,0.93,0.93,A1,,196,186,186,185,185,0.943877551,,,,,,,,,,,,,
8/23/24,MM,MM 7,200,7,DUML,OnceAWeek,0.9,0.9,A2,,196,187,180,186,180,0.918367347,,,,,,,,,,,,,
6/5/24,MM,MM 8,150,4,DUML,OnceAWeek,0.926666667,0.926666667,,,139,143,139,139,139,1,,,,,,,,,,,,,
6/14/24,MM,MM 8,150,4,DUML,OnceAWeek,0.926666667,0.926666667,J1,,139,143,139,139,139,1,,,,,,,,,,,,,
6/28/24,MM,MM 8,150,3,DUML,OnceAWeek,0.906666667,0.906666667,J2,,139,139,136,139,136,0.978417266,,,,,,,,,,,,,
7/11/24,MM,MM 8,150,2,DUML,OnceAWeek,0.886666667,0.886666667,L1,,139,135,133,136,133,0.956834532,,,,,,,,,,,,,
7/30/24,MM,MM 8,150,4,DUML,OnceAWeek,0.98,0.98,L2,,139,151,147,133,133,0.956834532,,,,,,,,,,,,,
8/5/24,MM,MM 8,150,1,DUML,OnceAWeek,0.84,0.84,A1,,139,127,126,147,126,0.90647482,,,,,,,,,,,,,
8/23/24,MM,MM 8,150,2,DUML,OnceAWeek,0.94,0.94,A2,,139,143,141,126,126,0.90647482,,,,,,,,,,,,,
6/7/24,MM,MM 9,50,0,DUML,EveryOther,1.04,1,,,52,52,52,52,52,1,,,,,,,,,,,,,
6/14/24,MM,MM 9,50,0,DUML,EveryOther,1.06,1,J1,,52,53,53,52,52,1,,,,,,,,,,,,,
6/28/24,MM,MM 9,50,1,DUML,EveryOther,1.04,1,J2,,52,53,52,53,52,1,,,,,,,,,,,,,
7/11/24,MM,MM 9,50,0,DUML,EveryOther,1.04,1,L1,,52,52,52,52,52,1,,,,,,,,,,,,,
7/30/24,MM,MM 9,50,1,DUML,EveryOther,1.04,1,L2,,52,53,52,52,52,1,,,,,,,,,,,,,
8/5/24,MM,MM 9,50,0,DUML,EveryOther,1.1,1,A1,,52,55,55,52,52,1,,,,,,,,,,,,,
8/23/24,MM,MM 9,50,1,DUML,EveryOther,1.04,1,A2,,52,53,52,55,52,1,,,,,,,,,,,,,
5/31/24,SJ,SJ 1,50,1,DUML,TwiceAWeek,1.02,1,M1,,51,52,51,51,51,1,,,,,,,,,,,,,
6/14/24,SJ,SJ 1,50,1,DUML,TwiceAWeek,1,1,J1,,51,51,50,51,50,0.980392157,,,,,,,,,,,,,
6/28/24,SJ,SJ 1,50,3,DUML,TwiceAWeek,0.98,0.98,J2,,51,52,49,50,49,0.960784314,,,,,,,,,,,,,
7/11/24,SJ,SJ 1,50,0,DUML,TwiceAWeek,0.98,0.98,L1,,51,49,49,49,49,0.960784314,,,,,,,,,,,,,
7/26/24,SJ,SJ 1,50,0,DUML,TwiceAWeek,0.94,0.94,L2,,51,47,47,49,47,0.921568627,,,,,,,,,,,,,
8/5/24,SJ,SJ 1,50,0,DUML,TwiceAWeek,0.98,0.98,A1,,51,49,49,47,47,0.921568627,,,,,,,,,,,,,
8/23/24,SJ,SJ 1,50,0,DUML,TwiceAWeek,0.9,0.9,A2,,51,45,45,49,45,0.882352941,,,,,,,,,,,,,
9/20/24,SJ,SJ 1,50,0,DUML,TwiceAWeek,0.96,0.96,S1,,51,48,48,45,45,0.882352941,,,,,,,,,,,,,
10/5/24,SJ,SJ 1,50,0,DUML,TwiceAWeek,0.98,0.98,O1,,51,49,49,48,45,0.882352941,,,,,,,,,,,,,
5/31/24,SJ,SJ 10,100,0,DUML,EveryOther,1.06,1,M1,,106,106,106,106,106,1,,,,,,,,,,,,,
6/14/24,SJ,SJ 10,100,1,DUML,EveryOther,1,1,J1,,106,101,100,106,100,0.943396226,,,,,,,,,,,,,
6/28/24,SJ,SJ 10,100,0,DUML,EveryOther,1.03,1,J2,,106,103,103,100,100,0.943396226,,,,,,,,,,,,,
7/11/24,SJ,SJ 10,100,0,DUML,EveryOther,1.04,1,L1,,106,104,104,103,100,0.943396226,,,,,,,,,,,,,
7/26/24,SJ,SJ 10,100,1,DUML,EveryOther,1,1,L2,,106,101,100,104,100,0.943396226,,,,,,,,,,,,,
8/5/24,SJ,SJ 10,100,1,DUML,EveryOther,1,1,A1,,106,101,100,100,100,0.943396226,,,,,,,,,,,,,
8/23/24,SJ,SJ 10,100,3,DUML,EveryOther,1.02,1,A2,,106,105,102,100,100,0.943396226,,,,,,,,,,,,,
9/20/24,SJ,SJ 10,100,2,DUML,EveryOther,1.01,1,S1,,106,103,101,102,100,0.943396226,,,,,,,,,,,,,
10/5/24,SJ,SJ 10,100,0,DUML,EveryOther,0.99,0.99,O1,,106,99,99,101,99,0.933962264,,,,,,,,,,,,,
5/31/24,SJ,SJ 11,150,2,DUML,EveryOther,1.026666667,1,M1,,154,156,154,154,154,1,,,,,,,,,,,,,
6/14/24,SJ,SJ 11,150,0,DUML,EveryOther,0.926666667,0.926666667,J1,,154,139,139,154,139,0.902597403,,,,,,,,,,,,,
6/28/24,SJ,SJ 11,150,0,DUML,EveryOther,0.98,0.98,J2,,154,147,147,139,139,0.902597403,,,,,,,,,,,,,
7/11/24,SJ,SJ 11,150,2,DUML,EveryOther,0.993333333,0.993333333,L1,,154,151,149,147,139,0.902597403,,,,,,,,,,,,,
7/26/24,SJ,SJ 11,150,2,DUML,EveryOther,1.006666667,1,L2,,154,153,151,149,139,0.902597403,,,,,,,,,,,,,
8/5/24,SJ,SJ 11,150,3,DUML,EveryOther,0.953333333,0.953333333,A1,,154,146,143,151,139,0.902597403,,,,,,,,,,,,,
8/23/24,SJ,SJ 11,150,4,DUML,EveryOther,0.933333333,0.933333333,A2,,154,144,140,143,139,0.902597403,,,,,,,,,,,,,
9/20/24,SJ,SJ 11,150,1,DUML,EveryOther,0.933333333,0.933333333,S1,,154,141,140,140,139,0.902597403,,,,,,,,,,,,,
10/5/24,SJ,SJ 11,150,2,DUML,EveryOther,0.893333333,0.893333333,O1,,154,136,134,140,134,0.87012987,,,,,,,,,,,,,
5/31/24,SJ,SJ 12,200,1,DUML,EveryOther,0.935,0.935,M1,,187,188,187,187,187,1,,,,,,,,,,,,,
6/14/24,SJ,SJ 12,200,0,DUML,EveryOther,0.835,0.835,J1,,187,167,167,187,167,0.893048128,,,,,,,,,,,,,
6/28/24,SJ,SJ 12,200,0,DUML,EveryOther,0.93,0.93,J2,,187,186,186,167,167,0.893048128,,,,,,,,,,,,,
7/11/24,SJ,SJ 12,200,2,DUML,EveryOther,0.915,0.915,L1,,187,185,183,186,167,0.893048128,,,,,,,,,,,,,
7/26/24,SJ,SJ 12,200,3,DUML,EveryOther,0.845,0.845,L2,,187,172,169,183,167,0.893048128,,,,,,,,,,,,,
8/5/24,SJ,SJ 12,200,1,DUML,EveryOther,0.875,0.875,A1,,187,176,175,169,167,0.893048128,,,,,,,,,,,,,
8/23/24,SJ,SJ 12,200,0,DUML,EveryOther,0.875,0.875,A2,,187,175,175,175,167,0.893048128,,,,,,,,,,,,,
9/20/24,SJ,SJ 12,200,4,DUML,EveryOther,0.895,0.895,S1,,187,183,179,175,167,0.893048128,,,,,,,,,,,,,
10/5/24,SJ,SJ 12,200,0,DUML,EveryOther,0.935,0.935,O1,,187,187,187,179,167,0.893048128,,,,,,,,,,,,,
5/31/24,SJ,SJ 13,150,2,DUML,TwiceAWeek,0.966666667,0.966666667,M1,,145,147,145,145,145,1,,,,,,,,,,,,,
6/14/24,SJ,SJ 13,150,1,DUML,TwiceAWeek,0.813333333,0.813333333,J1,,145,123,122,145,122,0.84137931,,,,,,,,,,,,,
6/28/24,SJ,SJ 13,150,1,DUML,TwiceAWeek,0.94,0.94,J2,,145,142,141,122,122,0.84137931,,,,,,,,,,,,,
7/11/24,SJ,SJ 13,150,2,DUML,TwiceAWeek,0.94,0.94,L1,,145,143,141,141,122,0.84137931,,,,,,,,,,,,,
7/26/24,SJ,SJ 13,150,4,DUML,TwiceAWeek,0.92,0.92,L2,,145,142,138,141,122,0.84137931,,,,,,,,,,,,,
8/5/24,SJ,SJ 13,150,0,DUML,TwiceAWeek,0.893333333,0.893333333,A1,,145,134,134,138,122,0.84137931,,,,,,,,,,,,,
8/23/24,SJ,SJ 13,150,4,DUML,TwiceAWeek,0.88,0.88,A2,,145,136,132,134,122,0.84137931,,,,,,,,,,,,,
9/20/24,SJ,SJ 13,150,2,DUML,TwiceAWeek,0.933333333,0.933333333,S1,,145,142,140,132,122,0.84137931,,,,,,,,,,,,,
10/5/24,SJ,SJ 13,150,1,DUML,TwiceAWeek,0.826666667,0.826666667,O1,,145,125,124,140,122,0.84137931,,,,,,,,,,,,,
5/31/24,SJ,SJ 2,100,0,DUML,TwiceAWeek,0.96,0.96,M1,,96,96,96,96,96,1,,,,,,,,,,,,,
6/14/24,SJ,SJ 2,100,0,DUML,TwiceAWeek,0.99,0.99,J1,,96,99,99,96,96,1,,,,,,,,,,,,,
6/28/24,SJ,SJ 2,100,0,DUML,TwiceAWeek,0.97,0.97,J2,,96,97,97,99,96,1,,,,,,,,,,,,,
7/11/24,SJ,SJ 2,100,0,DUML,TwiceAWeek,0.96,0.96,L1,,96,96,96,97,96,1,,,,,,,,,,,,,
7/26/24,SJ,SJ 2,100,1,DUML,TwiceAWeek,0.98,0.98,L2,,96,99,98,96,96,1,,,,,,,,,,,,,
8/5/24,SJ,SJ 2,100,1,DUML,TwiceAWeek,0.95,0.95,A1,,96,96,95,98,95,0.989583333,,,,,,,,,,,,,
8/23/24,SJ,SJ 2,100,2,DUML,TwiceAWeek,0.92,0.92,A2,,96,94,92,95,92,0.958333333,,,,,,,,,,,,,
9/20/24,SJ,SJ 2,100,1,DUML,TwiceAWeek,0.9,0.9,S1,,96,91,90,92,90,0.9375,,,,,,,,,,,,,
10/5/24,SJ,SJ 2,100,0,DUML,TwiceAWeek,0.92,0.92,O1,,96,92,92,90,90,0.9375,,,,,,,,,,,,,
5/31/24,SJ,SJ 4,200,1,DUML,TwiceAWeek,0.99,0.99,M1,,198,199,198,198,198,1,,,,,,,,,,,,,
6/14/24,SJ,SJ 4,200,3,DUML,TwiceAWeek,0.94,0.94,J1,,198,191,188,198,188,0.949494949,,,,,,,,,,,,,
6/28/24,SJ,SJ 4,200,2,DUML,TwiceAWeek,0.965,0.965,J2,,198,195,193,188,188,0.949494949,,,,,,,,,,,,,
7/11/24,SJ,SJ 4,200,2,DUML,TwiceAWeek,0.955,0.955,L1,,198,193,191,193,188,0.949494949,,,,,,,,,,,,,
7/26/24,SJ,SJ 4,200,2,DUML,TwiceAWeek,0.955,0.955,L2,,198,193,191,191,188,0.949494949,,,,,,,,,,,,,
8/5/24,SJ,SJ 4,200,0,DUML,TwiceAWeek,0.925,0.925,A1,,198,185,185,191,185,0.934343434,,,,,,,,,,,,,
8/23/24,SJ,SJ 4,200,0,DUML,TwiceAWeek,0.905,0.905,A2,,198,181,181,185,181,0.914141414,,,,,,,,,,,,,
9/20/24,SJ,SJ 4,200,3,DUML,TwiceAWeek,0.89,0.89,S1,,198,181,178,181,178,0.898989899,,,,,,,,,,,,,
10/5/24,SJ,SJ 4,200,1,DUML,TwiceAWeek,0.885,0.885,O1,,198,178,177,178,177,0.893939394,,,,,,,,,,,,,
5/31/24,SJ,SJ 5,100,0,DUML,OnceAWeek,1.15,1,M1,,115,115,115,115,115,1,,,,,,,,,,,,,
6/14/24,SJ,SJ 5,100,0,DUML,OnceAWeek,1.13,1,J1,,115,113,113,115,113,0.982608696,,,,,,,,,,,,,
6/28/24,SJ,SJ 5,100,0,DUML,OnceAWeek,1.12,1,J2,,115,112,112,113,112,0.973913043,,,,,,,,,,,,,
7/11/24,SJ,SJ 5,100,0,DUML,OnceAWeek,1.13,1,L1,,115,113,113,112,112,0.973913043,,,,,,,,,,,,,
7/26/24,SJ,SJ 5,100,0,DUML,OnceAWeek,1.12,1,L2,,115,112,112,113,112,0.973913043,,,,,,,,,,,,,
8/5/24,SJ,SJ 5,100,0,DUML,OnceAWeek,1.15,1,A1,,115,115,115,112,112,0.973913043,,,,,,,,,,,,,
8/23/24,SJ,SJ 5,100,0,DUML,OnceAWeek,1.14,1,A2,,115,114,114,115,112,0.973913043,,,,,,,,,,,,,
9/20/24,SJ,SJ 5,100,0,DUML,OnceAWeek,1.12,1,S1,,115,112,112,114,112,0.973913043,,,,,,,,,,,,,
10/5/24,SJ,SJ 5,100,2,DUML,OnceAWeek,1.12,1,O1,,115,114,112,112,112,0.973913043,,,,,,,,,,,,,
5/31/24,SJ,SJ 6,50,1,DUML,OnceAWeek,1.04,1,M1,,52,53,52,52,52,1,,,,,,,,,,,,,
6/14/24,SJ,SJ 6,50,0,DUML,OnceAWeek,1.04,1,J1,,52,52,52,52,52,1,,,,,,,,,,,,,
6/28/24,SJ,SJ 6,50,0,DUML,OnceAWeek,1.04,1,J2,,52,52,52,52,52,1,,,,,,,,,,,,,
7/11/24,SJ,SJ 6,50,0,DUML,OnceAWeek,1.02,1,L1,,52,51,51,52,51,0.980769231,,,,,,,,,,,,,
7/26/24,SJ,SJ 6,50,1,DUML,OnceAWeek,0.96,0.96,L2,,52,49,48,51,48,0.923076923,,,,,,,,,,,,,
8/5/24,SJ,SJ 6,50,0,DUML,OnceAWeek,0.98,0.98,A1,,52,49,49,48,48,0.923076923,,,,,,,,,,,,,
8/23/24,SJ,SJ 6,50,1,DUML,OnceAWeek,0.98,0.98,A2,,52,50,49,49,48,0.923076923,,,,,,,,,,,,,
9/20/24,SJ,SJ 6,50,3,DUML,OnceAWeek,0.9,0.9,S1,,52,48,45,49,45,0.865384615,,,,,,,,,,,,,
10/5/24,SJ,SJ 6,50,0,DUML,OnceAWeek,0.9,0.9,O1,,52,45,45,45,45,0.865384615,,,,,,,,,,,,,
5/31/24,SJ,SJ 7,150,2,DUML,OnceAWeek,0.986666667,0.986666667,M1,,148,150,148,148,148,1,,,,,,,,,,,,,
6/14/24,SJ,SJ 7,150,0,DUML,OnceAWeek,0.993333333,0.993333333,J1,,148,149,149,148,148,1,,,,,,,,,,,,,
6/28/24,SJ,SJ 7,150,2,DUML,OnceAWeek,1.02,1,J2,,148,155,153,149,148,1,,,,,,,,,,,,,
7/11/24,SJ,SJ 7,150,3,DUML,OnceAWeek,0.986666667,0.986666667,L1,,148,151,148,153,148,1,,,,,,,,,,,,,
7/26/24,SJ,SJ 7,150,4,DUML,OnceAWeek,0.96,0.96,L2,,148,148,144,148,144,0.972972973,,,,,,,,,,,,,
8/5/24,SJ,SJ 7,150,0,DUML,OnceAWeek,0.94,0.94,A1,,148,141,141,144,141,0.952702703,,,,,,,,,,,,,
8/23/24,SJ,SJ 7,150,1,DUML,OnceAWeek,0.94,0.94,A2,,148,142,141,141,141,0.952702703,,,,,,,,,,,,,
9/20/24,SJ,SJ 7,150,1,DUML,OnceAWeek,0.953333333,0.953333333,S1,,148,144,143,141,141,0.952702703,,,,,,,,,,,,,
10/5/24,SJ,SJ 7,150,0,DUML,OnceAWeek,0.933333333,0.933333333,O1,,148,140,140,143,140,0.945945946,,,,,,,,,,,,,
5/31/24,SJ,SJ 9,50,0,DUML,EveryOther,1.1,1,M1,,55,55,55,55,55,1,,,,,,,,,,,,,
6/14/24,SJ,SJ 9,50,1,DUML,EveryOther,1.16,1,J1,,55,59,58,55,55,1,,,,,,,,,,,,,
6/28/24,SJ,SJ 9,50,0,DUML,EveryOther,0.96,0.96,J2,,55,48,48,58,48,0.872727273,,,,,,,,,,,,,
7/11/24,SJ,SJ 9,50,4,DUML,EveryOther,1.04,1,L1,,55,56,52,48,48,0.872727273,,,,,,,,,,,,,
7/26/24,SJ,SJ 9,50,2,DUML,EveryOther,1.02,1,L2,,55,53,51,52,48,0.872727273,,,,,,,,,,,,,
8/5/24,SJ,SJ 9,50,1,DUML,EveryOther,1.02,1,A1,,55,52,51,51,48,0.872727273,,,,,,,,,,,,,
8/23/24,SJ,SJ 9,50,0,DUML,EveryOther,1.02,1,A2,,55,51,51,51,48,0.872727273,,,,,,,,,,,,,
9/20/24,SJ,SJ 9,50,0,DUML,EveryOther,1.04,1,S1,,55,52,52,51,48,0.872727273,,,,,,,,,,,,,
10/5/24,SJ,SJ 9,50,0,DUML,EveryOther,1.04,1,O1,,55,52,52,52,48,0.872727273,,,,,,,,,,,,,
,,,,,,,,,,,,,,,,,,,,,,,,,,,,,
,,,,,,,,,,,,,,,,,,,,,,,,,,,,,
,,,,,,,,,,,,,,,,,,,,,,,,,,,,,
,,,,,,,,,,,,,,,,,,,,,,,,,,,,,
,,,,,,,,,,,,,,,,,,,,,,,,,,,,,
,,,,,,,,,,,,,,,,,,,,,,,,,,,,,
,,,,,,,,,,,,,,,,,,,,,,,,,,,,,
,,,,,,,,,,,,,,,,,,,,,,,,,,,,,
,,,,,,,,,,,,,,,,,,,,,,,,,,,,,
,,,,,,,,,,,,,,,,,,,,,,,,,,,,,
,,,,,,,,,,,,,,,,,,,,,,,,,,,,,
,,,,,,,,,,,,,,,,,,,,,,,,,,,,,
,,,,,,,,,,,,,,,,,,,,,,,,,,,,,
,,,,,,,,,,,,,,,,,,,,,,,,,,,,,
,,,,,,,,,,,,,,,,,,,,,,,,,,,,,
,,,,,,,,,,,,,,,,,,,,,,,,,,,,,
,,,,,,,,,,,,,,,,,,,,,,,,,,,,,
,,,,,,,,,,,,,,,,,,,,,,,,,,,,,
,,,,,,,,,,,,,,,,,,,,,,,,,,,,,
,,,,,,,,,,,,,,,,,,,,,,,,,,,,,
,,,,,,,,,,,,,,,,,,,,,,,,,,,,,
,,,,,,,,,,,,,,,,,,,,,,,,,,,,,
,,,,,,,,,,,,,,,,,,,,,,,,,,,,,
,,,,,,,,,,,,,,,,,,,,,,,,,,,,,
,,,,,,,,,,,,,,,,,,,,,,,,,,,,,
,,,,,,,,,,,,,,,,,,,,,,,,,,,,,
,,,,,,,,,,,,,,,,,,,,,,,,,,,,,
,,,,,,,,,,,,,,,,,,,,,,,,,,,,,
,,,,,,,,,,,,,,,,,,,,,,,,,,,,,
,,,,,,,,,,,,,,,,,,,,,,,,,,,,,
,,,,,,,,,,,,,,,,,,,,,,,,,,,,,
,,,,,,,,,,,,,,,,,,,,,,,,,,,,,
,,,,,,,,,,,,,,,,,,,,,,,,,,,,,
,,,,,,,,,,,,,,,,,,,,,,,,,,,,,
,,,,,,,,,,,,,,,,,,,,,,,,,,,,,
,,,,,,,,,,,,,,,,,,,,,,,,,,,,,
,,,,,,,,,,,,,,,,,,,,,,,,,,,,,
,,,,,,,,,,,,,,,,,,,,,,,,,,,,,
,,,,,,,,,,,,,,,,,,,,,,,,,,,,,
,,,,,,,,,,,,,,,,,,,,,,,,,,,,,
,,,,,,,,,,,,,,,,,,,,,,,,,,,,,
,,,,,,,,,,,,,,,,,,,,,,,,,,,,,
,,,,,,,,,,,,,,,,,,,,,,,,,,,,,
,,,,,,,,,,,,,,,,,,,,,,,,,,,,,
,,,,,,,,,,,,,,,,,,,,,,,,,,,,,
,,,,,,,,,,,,,,,,,,,,,,,,,,,,,
,,,,,,,,,,,,,,,,,,,,,,,,,,,,,
,,,,,,,,,,,,,,,,,,,,,,,,,,,,,
,,,,,,,,,,,,,,,,,,,,,,,,,,,,,
,,,,,,,,,,,,,,,,,,,,,,,,,,,,,
,,,,,,,,,,,,,,,,,,,,,,,,,,,,,
,,,,,,,,,,,,,,,,,,,,,,,,,,,,,
,,,,,,,,,,,,,,,,,,,,,,,,,,,,,
,,,,,,,,,,,,,,,,,,,,,,,,,,,,,
,,,,,,,,,,,,,,,,,,,,,,,,,,,,,
,,,,,,,,,,,,,,,,,,,,,,,,,,,,,
,,,,,,,,,,,,,,,,,,,,,,,,,,,,,
,,,,,,,,,,,,,,,,,,,,,,,,,,,,,
,,,,,,,,,,,,,,,,,,,,,,,,,,,,,
,,,,,,,,,,,,,,,,,,,,,,,,,,,,,
,,,,,,,,,,,,,,,,,,,,,,,,,,,,,
,,,,,,,,,,,,,,,,,,,,,,,,,,,,,
,,,,,,,,,,,,,,,,,,,,,,,,,,,,,
,,,,,,,,,,,,,,,,,,,,,,,,,,,,,
,,,,,,,,,,,,,,,,,,,,,,,,,,,,,
,,,,,,,,,,,,,,,,,,,,,,,,,,,,,
,,,,,,,,,,,,,,,,,,,,,,,,,,,,,
,,,,,,,,,,,,,,,,,,,,,,,,,,,,,
,,,,,,,,,,,,,,,,,,,,,,,,,,,,,
,,,,,,,,,,,,,,,,,,,,,,,,,,,,,
,,,,,,,,,,,,,,,,,,,,,,,,,,,,,
,,,,,,,,,,,,,,,,,,,,,,,,,,,,,
,,,,,,,,,,,,,,,,,,,,,,,,,,,,,
,,,,,,,,,,,,,,,,,,,,,,,,,,,,,
,,,,,,,,,,,,,,,,,,,,,,,,,,,,,
,,,,,,,,,,,,,,,,,,,,,,,,,,,,,
,,,,,,,,,,,,,,,,,,,,,,,,,,,,,
,,,,,,,,,,,,,,,,,,,,,,,,,,,,,
,,,,,,,,,,,,,,,,,,,,,,,,,,,,,
,,,,,,,,,,,,,,,,,,,,,,,,,,,,,
,,,,,,,,,,,,,,,,,,,,,,,,,,,,,
,,,,,,,,,,,,,,,,,,,,,,,,,,,,,
,,,,,,,,,,,,,,,,,,,,,,,,,,,,,
,,,,,,,,,,,,,,,,,,,,,,,,,,,,,
,,,,,,,,,,,,,,,,,,,,,,,,,,,,,
,,,,,,,,,,,,,,,,,,,,,,,,,,,,,
,,,,,,,,,,,,,,,,,,,,,,,,,,,,,
,,,,,,,,,,,,,,,,,,,,,,,,,,,,,
,,,,,,,,,,,,,,,,,,,,,,,,,,,,,
,,,,,,,,,,,,,,,,,,,,,,,,,,,,,
,,,,,,,,,,,,,,,,,,,,,,,,,,,,,
,,,,,,,,,,,,,,,,,,,,,,,,,,,,,
,,,,,,,,,,,,,,,,,,,,,,,,,,,,,
,,,,,,,,,,,,,,,,,,,,,,,,,,,,,
,,,,,,,,,,,,,,,,,,,,,,,,,,,,,
,,,,,,,,,,,,,,,,,,,,,,,,,,,,,
,,,,,,,,,,,,,,,,,,,,,,,,,,,,,
,,,,,,,,,,,,,,,,,,,,,,,,,,,,,
,,,,,,,,,,,,,,,,,,,,,,,,,,,,,
,,,,,,,,,,,,,,,,,,,,,,,,,,,,,
,,,,,,,,,,,,,,,,,,,,,,,,,,,,,
,,,,,,,,,,,,,,,,,,,,,,,,,,,,,
,,,,,,,,,,,,,,,,,,,,,,,,,,,,,
,,,,,,,,,,,,,,,,,,,,,,,,,,,,,
,,,,,,,,,,,,,,,,,,,,,,,,,,,,,
,,,,,,,,,,,,,,,,,,,,,,,,,,,,,
,,,,,,,,,,,,,,,,,,,,,,,,,,,,,
,,,,,,,,,,,,,,,,,,,,,,,,,,,,,
,,,,,,,,,,,,,,,,,,,,,,,,,,,,,
,,,,,,,,,,,,,,,,,,,,,,,,,,,,,
,,,,,,,,,,,,,,,,,,,,,,,,,,,,,
,,,,,,,,,,,,,,,,,,,,,,,,,,,,,
,,,,,,,,,,,,,,,,,,,,,,,,,,,,,
,,,,,,,,,,,,,,,,,,,,,,,,,,,,,
,,,,,,,,,,,,,,,,,,,,,,,,,,,,,
,,,,,,,,,,,,,,,,,,,,,,,,,,,,,
,,,,,,,,,,,,,,,,,,,,,,,,,,,,,
,,,,,,,,,,,,,,,,,,,,,,,,,,,,,
,,,,,,,,,,,,,,,,,,,,,,,,,,,,,
,,,,,,,,,,,,,,,,,,,,,,,,,,,,,
,,,,,,,,,,,,,,,,,,,,,,,,,,,,,
,,,,,,,,,,,,,,,,,,,,,,,,,,,,,
,,,,,,,,,,,,,,,,,,,,,,,,,,,,,
,,,,,,,,,,,,,,,,,,,,,,,,,,,,,
,,,,,,,,,,,,,,,,,,,,,,,,,,,,,
,,,,,,,,,,,,,,,,,,,,,,,,,,,,,
,,,,,,,,,,,,,,,,,,,,,,,,,,,,,
,,,,,,,,,,,,,,,,,,,,,,,,,,,,,
,,,,,,,,,,,,,,,,,,,,,,,,,,,,,
,,,,,,,,,,,,,,,,,,,,,,,,,,,,,
,,,,,,,,,,,,,,,,,,,,,,,,,,,,,
,,,,,,,,,,,,,,,,,,,,,,,,,,,,,
,,,,,,,,,,,,,,,,,,,,,,,,,,,,,
,,,,,,,,,,,,,,,,,,,,,,,,,,,,,
,,,,,,,,,,,,,,,,,,,,,,,,,,,,,
,,,,,,,,,,,,,,,,,,,,,,,,,,,,,
,,,,,,,,,,,,,,,,,,,,,,,,,,,,,
,,,,,,,,,,,,,,,,,,,,,,,,,,,,,
,,,,,,,,,,,,,,,,,,,,,,,,,,,,,
,,,,,,,,,,,,,,,,,,,,,,,,,,,,,
,,,,,,,,,,,,,,,,,,,,,,,,,,,,,
,,,,,,,,,,,,,,,,,,,,,,,,,,,,,
,,,,,,,,,,,,,,,,,,,,,,,,,,,,,
,,,,,,,,,,,,,,,,,,,,,,,,,,,,,
,,,,,,,,,,,,,,,,,,,,,,,,,,,,,
,,,,,,,,,,,,,,,,,,,,,,,,,,,,,
,,,,,,,,,,,,,,,,,,,,,,,,,,,,,
,,,,,,,,,,,,,,,,,,,,,,,,,,,,,
,,,,,,,,,,,,,,,,,,,,,,,,,,,,,
,,,,,,,,,,,,,,,,,,,,,,,,,,,,,
,,,,,,,,,,,,,,,,,,,,,,,,,,,,,
,,,,,,,,,,,,,,,,,,,,,,,,,,,,,
,,,,,,,,,,,,,,,,,,,,,,,,,,,,,
,,,,,,,,,,,,,,,,,,,,,,,,,,,,,
,,,,,,,,,,,,,,,,,,,,,,,,,,,,,
,,,,,,,,,,,,,,,,,,,,,,,,,,,,,
,,,,,,,,,,,,,,,,,,,,,,,,,,,,,
,,,,,,,,,,,,,,,,,,,,,,,,,,,,,
,,,,,,,,,,,,,,,,,,,,,,,,,,,,,
,,,,,,,,,,,,,,,,,,,,,,,,,,,,,
,,,,,,,,,,,,,,,,,,,,,,,,,,,,,
,,,,,,,,,,,,,,,,,,,,,,,,,,,,,
,,,,,,,,,,,,,,,,,,,,,,,,,,,,,
,,,,,,,,,,,,,,,,,,,,,,,,,,,,,
,,,,,,,,,,,,,,,,,,,,,,,,,,,,,
,,,,,,,,,,,,,,,,,,,,,,,,,,,,,
,,,,,,,,,,,,,,,,,,,,,,,,,,,,,
,,,,,,,,,,,,,,,,,,,,,,,,,,,,,
,,,,,,,,,,,,,,,,,,,,,,,,,,,,,
,,,,,,,,,,,,,,,,,,,,,,,,,,,,,
,,,,,,,,,,,,,,,,,,,,,,,,,,,,,
,,,,,,,,,,,,,,,,,,,,,,,,,,,,,
,,,,,,,,,,,,,,,,,,,,,,,,,,,,,
,,,,,,,,,,,,,,,,,,,,,,,,,,,,,
,,,,,,,,,,,,,,,,,,,,,,,,,,,,,
,,,,,,,,,,,,,,,,,,,,,,,,,,,,,
,,,,,,,,,,,,,,,,,,,,,,,,,,,,,
,,,,,,,,,,,,,,,,,,,,,,,,,,,,,
,,,,,,,,,,,,,,,,,,,,,,,,,,,,,
,,,,,,,,,,,,,,,,,,,,,,,,,,,,,
,,,,,,,,,,,,,,,,,,,,,,,,,,,,,
,,,,,,,,,,,,,,,,,,,,,,,,,,,,,
,,,,,,,,,,,,,,,,,,,,,,,,,,,,,
,,,,,,,,,,,,,,,,,,,,,,,,,,,,,
,,,,,,,,,,,,,,,,,,,,,,,,,,,,,
,,,,,,,,,,,,,,,,,,,,,,,,,,,,,
,,,,,,,,,,,,,,,,,,,,,,,,,,,,,
,,,,,,,,,,,,,,,,,,,,,,,,,,,,,
,,,,,,,,,,,,,,,,,,,,,,,,,,,,,
,,,,,,,,,,,,,,,,,,,,,,,,,,,,,
,,,,,,,,,,,,,,,,,,,,,,,,,,,,,
,,,,,,,,,,,,,,,,,,,,,,,,,,,,,
,,,,,,,,,,,,,,,,,,,,,,,,,,,,,
,,,,,,,,,,,,,,,,,,,,,,,,,,,,,
,,,,,,,,,,,,,,,,,,,,,,,,,,,,,
,,,,,,,,,,,,,,,,,,,,,,,,,,,,,
,,,,,,,,,,,,,,,,,,,,,,,,,,,,,
,,,,,,,,,,,,,,,,,,,,,,,,,,,,,
,,,,,,,,,,,,,,,,,,,,,,,,,,,,,
,,,,,,,,,,,,,,,,,,,,,,,,,,,,,
,,,,,,,,,,,,,,,,,,,,,,,,,,,,,
,,,,,,,,,,,,,,,,,,,,,,,,,,,,,
,,,,,,,,,,,,,,,,,,,,,,,,,,,,,
,,,,,,,,,,,,,,,,,,,,,,,,,,,,,
,,,,,,,,,,,,,,,,,,,,,,,,,,,,,
,,,,,,,,,,,,,,,,,,,,,,,,,,,,,
,,,,,,,,,,,,,,,,,,,,,,,,,,,,,
,,,,,,,,,,,,,,,,,,,,,,,,,,,,,
,,,,,,,,,,,,,,,,,,,,,,,,,,,,,
,,,,,,,,,,,,,,,,,,,,,,,,,,,,,
,,,,,,,,,,,,,,,,,,,,,,,,,,,,,
,,,,,,,,,,,,,,,,,,,,,,,,,,,,,
,,,,,,,,,,,,,,,,,,,,,,,,,,,,,
,,,,,,,,,,,,,,,,,,,,,,,,,,,,,
,,,,,,,,,,,,,,,,,,,,,,,,,,,,,
,,,,,,,,,,,,,,,,,,,,,,,,,,,,,
,,,,,,,,,,,,,,,,,,,,,,,,,,,,,
,,,,,,,,,,,,,,,,,,,,,,,,,,,,,
,,,,,,,,,,,,,,,,,,,,,,,,,,,,,
,,,,,,,,,,,,,,,,,,,,,,,,,,,,,
,,,,,,,,,,,,,,,,,,,,,,,,,,,,,
,,,,,,,,,,,,,,,,,,,,,,,,,,,,,
,,,,,,,,,,,,,,,,,,,,,,,,,,,,,
,,,,,,,,,,,,,,,,,,,,,,,,,,,,,
,,,,,,,,,,,,,,,,,,,,,,,,,,,,,
,,,,,,,,,,,,,,,,,,,,,,,,,,,,,
,,,,,,,,,,,,,,,,,,,,,,,,,,,,,
,,,,,,,,,,,,,,,,,,,,,,,,,,,,,
,,,,,,,,,,,,,,,,,,,,,,,,,,,,,
,,,,,,,,,,,,,,,,,,,,,,,,,,,,,
,,,,,,,,,,,,,,,,,,,,,,,,,,,,,
,,,,,,,,,,,,,,,,,,,,,,,,,,,,,
,,,,,,,,,,,,,,,,,,,,,,,,,,,,,
,,,,,,,,,,,,,,,,,,,,,,,,,,,,,
,,,,,,,,,,,,,,,,,,,,,,,,,,,,,
,,,,,,,,,,,,,,,,,,,,,,,,,,,,,
,,,,,,,,,,,,,,,,,,,,,,,,,,,,,
,,,,,,,,,,,,,,,,,,,,,,,,,,,,,
,,,,,,,,,,,,,,,,,,,,,,,,,,,,,
,,,,,,,,,,,,,,,,,,,,,,,,,,,,,
,,,,,,,,,,,,,,,,,,,,,,,,,,,,,
,,,,,,,,,,,,,,,,,,,,,,,,,,,,,
,,,,,,,,,,,,,,,,,,,,,,,,,,,,,
,,,,,,,,,,,,,,,,,,,,,,,,,,,,,
,,,,,,,,,,,,,,,,,,,,,,,,,,,,,
,,,,,,,,,,,,,,,,,,,,,,,,,,,,,
,,,,,,,,,,,,,,,,,,,,,,,,,,,,,
,,,,,,,,,,,,,,,,,,,,,,,,,,,,,
,,,,,,,,,,,,,,,,,,,,,,,,,,,,,
,,,,,,,,,,,,,,,,,,,,,,,,,,,,,
,,,,,,,,,,,,,,,,,,,,,,,,,,,,,
,,,,,,,,,,,,,,,,,,,,,,,,,,,,,
,,,,,,,,,,,,,,,,,,,,,,,,,,,,,
,,,,,,,,,,,,,,,,,,,,,,,,,,,,,
,,,,,,,,,,,,,,,,,,,,,,,,,,,,,
,,,,,,,,,,,,,,,,,,,,,,,,,,,,,
,,,,,,,,,,,,,,,,,,,,,,,,,,,,,
,,,,,,,,,,,,,,,,,,,,,,,,,,,,,
,,,,,,,,,,,,,,,,,,,,,,,,,,,,,
,,,,,,,,,,,,,,,,,,,,,,,,,,,,,
,,,,,,,,,,,,,,,,,,,,,,,,,,,,,
,,,,,,,,,,,,,,,,,,,,,,,,,,,,,
,,,,,,,,,,,,,,,,,,,,,,,,,,,,,
,,,,,,,,,,,,,,,,,,,,,,,,,,,,,
,,,,,,,,,,,,,,,,,,,,,,,,,,,,,
,,,,,,,,,,,,,,,,,,,,,,,,,,,,,
,,,,,,,,,,,,,,,,,,,,,,,,,,,,,
,,,,,,,,,,,,,,,,,,,,,,,,,,,,,
,,,,,,,,,,,,,,,,,,,,,,,,,,,,,
,,,,,,,,,,,,,,,,,,,,,,,,,,,,,
,,,,,,,,,,,,,,,,,,,,,,,,,,,,,
,,,,,,,,,,,,,,,,,,,,,,,,,,,,,
,,,,,,,,,,,,,,,,,,,,,,,,,,,,,
,,,,,,,,,,,,,,,,,,,,,,,,,,,,,
,,,,,,,,,,,,,,,,,,,,,,,,,,,,,
,,,,,,,,,,,,,,,,,,,,,,,,,,,,,
,,,,,,,,,,,,,,,,,,,,,,,,,,,,,
,,,,,,,,,,,,,,,,,,,,,,,,,,,,,
,,,,,,,,,,,,,,,,,,,,,,,,,,,,,
,,,,,,,,,,,,,,,,,,,,,,,,,,,,,
,,,,,,,,,,,,,,,,,,,,,,,,,,,,,
,,,,,,,,,,,,,,,,,,,,,,,,,,,,,
,,,,,,,,,,,,,,,,,,,,,,,,,,,,,
,,,,,,,,,,,,,,,,,,,,,,,,,,,,,
,,,,,,,,,,,,,,,,,,,,,,,,,,,,,
,,,,,,,,,,,,,,,,,,,,,,,,,,,,,
,,,,,,,,,,,,,,,,,,,,,,,,,,,,,
,,,,,,,,,,,,,,,,,,,,,,,,,,,,,
,,,,,,,,,,,,,,,,,,,,,,,,,,,,,
,,,,,,,,,,,,,,,,,,,,,,,,,,,,,
,,,,,,,,,,,,,,,,,,,,,,,,,,,,,
,,,,,,,,,,,,,,,,,,,,,,,,,,,,,
,,,,,,,,,,,,,,,,,,,,,,,,,,,,,
,,,,,,,,,,,,,,,,,,,,,,,,,,,,,
,,,,,,,,,,,,,,,,,,,,,,,,,,,,,
,,,,,,,,,,,,,,,,,,,,,,,,,,,,,
,,,,,,,,,,,,,,,,,,,,,,,,,,,,,
,,,,,,,,,,,,,,,,,,,,,,,,,,,,,
,,,,,,,,,,,,,,,,,,,,,,,,,,,,,
,,,,,,,,,,,,,,,,,,,,,,,,,,,,,
,,,,,,,,,,,,,,,,,,,,,,,,,,,,,
,,,,,,,,,,,,,,,,,,,,,,,,,,,,,
,,,,,,,,,,,,,,,,,,,,,,,,,,,,,
,,,,,,,,,,,,,,,,,,,,,,,,,,,,,
,,,,,,,,,,,,,,,,,,,,,,,,,,,,,
,,,,,,,,,,,,,,,,,,,,,,,,,,,,,
,,,,,,,,,,,,,,,,,,,,,,,,,,,,,
,,,,,,,,,,,,,,,,,,,,,,,,,,,,,
,,,,,,,,,,,,,,,,,,,,,,,,,,,,,
,,,,,,,,,,,,,,,,,,,,,,,,,,,,,
,,,,,,,,,,,,,,,,,,,,,,,,,,,,,
,,,,,,,,,,,,,,,,,,,,,,,,,,,,,
,,,,,,,,,,,,,,,,,,,,,,,,,,,,,
,,,,,,,,,,,,,,,,,,,,,,,,,,,,,
,,,,,,,,,,,,,,,,,,,,,,,,,,,,,
,,,,,,,,,,,,,,,,,,,,,,,,,,,,,
,,,,,,,,,,,,,,,,,,,,,,,,,,,,,
,,,,,,,,,,,,,,,,,,,,,,,,,,,,,
,,,,,,,,,,,,,,,,,,,,,,,,,,,,,
,,,,,,,,,,,,,,,,,,,,,,,,,,,,,
,,,,,,,,,,,,,,,,,,,,,,,,,,,,,
,,,,,,,,,,,,,,,,,,,,,,,,,,,,,
,,,,,,,,,,,,,,,,,,,,,,,,,,,,,
,,,,,,,,,,,,,,,,,,,,,,,,,,,,,
,,,,,,,,,,,,,,,,,,,,,,,,,,,,,
,,,,,,,,,,,,,,,,,,,,,,,,,,,,,
,,,,,,,,,,,,,,,,,,,,,,,,,,,,,
,,,,,,,,,,,,,,,,,,,,,,,,,,,,,
,,,,,,,,,,,,,,,,,,,,,,,,,,,,,
,,,,,,,,,,,,,,,,,,,,,,,,,,,,,
,,,,,,,,,,,,,,,,,,,,,,,,,,,,,
,,,,,,,,,,,,,,,,,,,,,,,,,,,,,
,,,,,,,,,,,,,,,,,,,,,,,,,,,,,
,,,,,,,,,,,,,,,,,,,,,,,,,,,,,
,,,,,,,,,,,,,,,,,,,,,,,,,,,,,
,,,,,,,,,,,,,,,,,,,,,,,,,,,,,
,,,,,,,,,,,,,,,,,,,,,,,,,,,,,
,,,,,,,,,,,,,,,,,,,,,,,,,,,,,
,,,,,,,,,,,,,,,,,,,,,,,,,,,,,
,,,,,,,,,,,,,,,,,,,,,,,,,,,,,
,,,,,,,,,,,,,,,,,,,,,,,,,,,,,
,,,,,,,,,,,,,,,,,,,,,,,,,,,,,
,,,,,,,,,,,,,,,,,,,,,,,,,,,,,
,,,,,,,,,,,,,,,,,,,,,,,,,,,,,
,,,,,,,,,,,,,,,,,,,,,,,,,,,,,
,,,,,,,,,,,,,,,,,,,,,,,,,,,,,
,,,,,,,,,,,,,,,,,,,,,,,,,,,,,
,,,,,,,,,,,,,,,,,,,,,,,,,,,,,
,,,,,,,,,,,,,,,,,,,,,,,,,,,,,
,,,,,,,,,,,,,,,,,,,,,,,,,,,,,
,,,,,,,,,,,,,,,,,,,,,,,,,,,,,
,,,,,,,,,,,,,,,,,,,,,,,,,,,,,
,,,,,,,,,,,,,,,,,,,,,,,,,,,,,
,,,,,,,,,,,,,,,,,,,,,,,,,,,,,
,,,,,,,,,,,,,,,,,,,,,,,,,,,,,
,,,,,,,,,,,,,,,,,,,,,,,,,,,,,
,,,,,,,,,,,,,,,,,,,,,,,,,,,,,
,,,,,,,,,,,,,,,,,,,,,,,,,,,,,
,,,,,,,,,,,,,,,,,,,,,,,,,,,,,
,,,,,,,,,,,,,,,,,,,,,,,,,,,,,
,,,,,,,,,,,,,,,,,,,,,,,,,,,,,
,,,,,,,,,,,,,,,,,,,,,,,,,,,,,
,,,,,,,,,,,,,,,,,,,,,,,,,,,,,
,,,,,,,,,,,,,,,,,,,,,,,,,,,,,
,,,,,,,,,,,,,,,,,,,,,,,,,,,,,
,,,,,,,,,,,,,,,,,,,,,,,,,,,,,
,,,,,,,,,,,,,,,,,,,,,,,,,,,,,
,,,,,,,,,,,,,,,,,,,,,,,,,,,,,
,,,,,,,,,,,,,,,,,,,,,,,,,,,,,
,,,,,,,,,,,,,,,,,,,,,,,,,,,,,
,,,,,,,,,,,,,,,,,,,,,,,,,,,,,
,,,,,,,,,,,,,,,,,,,,,,,,,,,,,
,,,,,,,,,,,,,,,,,,,,,,,,,,,,,
,,,,,,,,,,,,,,,,,,,,,,,,,,,,,
,,,,,,,,,,,,,,,,,,,,,,,,,,,,,
,,,,,,,,,,,,,,,,,,,,,,,,,,,,,
,,,,,,,,,,,,,,,,,,,,,,,,,,,,,
,,,,,,,,,,,,,,,,,,,,,,,,,,,,,
,,,,,,,,,,,,,,,,,,,,,,,,,,,,,
,,,,,,,,,,,,,,,,,,,,,,,,,,,,,
,,,,,,,,,,,,,,,,,,,,,,,,,,,,,
,,,,,,,,,,,,,,,,,,,,,,,,,,,,,
,,,,,,,,,,,,,,,,,,,,,,,,,,,,,
,,,,,,,,,,,,,,,,,,,,,,,,,,,,,
,,,,,,,,,,,,,,,,,,,,,,,,,,,,,
,,,,,,,,,,,,,,,,,,,,,,,,,,,,,
,,,,,,,,,,,,,,,,,,,,,,,,,,,,,
,,,,,,,,,,,,,,,,,,,,,,,,,,,,,
,,,,,,,,,,,,,,,,,,,,,,,,,,,,,
,,,,,,,,,,,,,,,,,,,,,,,,,,,,,
,,,,,,,,,,,,,,,,,,,,,,,,,,,,,
,,,,,,,,,,,,,,,,,,,,,,,,,,,,,
,,,,,,,,,,,,,,,,,,,,,,,,,,,,,
,,,,,,,,,,,,,,,,,,,,,,,,,,,,,
,,,,,,,,,,,,,,,,,,,,,,,,,,,,,
,,,,,,,,,,,,,,,,,,,,,,,,,,,,,
,,,,,,,,,,,,,,,,,,,,,,,,,,,,,
,,,,,,,,,,,,,,,,,,,,,,,,,,,,,
,,,,,,,,,,,,,,,,,,,,,,,,,,,,,
,,,,,,,,,,,,,,,,,,,,,,,,,,,,,
,,,,,,,,,,,,,,,,,,,,,,,,,,,,,
,,,,,,,,,,,,,,,,,,,,,,,,,,,,,
,,,,,,,,,,,,,,,,,,,,,,,,,,,,,
,,,,,,,,,,,,,,,,,,,,,,,,,,,,,
,,,,,,,,,,,,,,,,,,,,,,,,,,,,,
,,,,,,,,,,,,,,,,,,,,,,,,,,,,,
,,,,,,,,,,,,,,,,,,,,,,,,,,,,,
,,,,,,,,,,,,,,,,,,,,,,,,,,,,,
,,,,,,,,,,,,,,,,,,,,,,,,,,,,,
,,,,,,,,,,,,,,,,,,,,,,,,,,,,,
,,,,,,,,,,,,,,,,,,,,,,,,,,,,,
,,,,,,,,,,,,,,,,,,,,,,,,,,,,,
,,,,,,,,,,,,,,,,,,,,,,,,,,,,,
,,,,,,,,,,,,,,,,,,,,,,,,,,,,,
,,,,,,,,,,,,,,,,,,,,,,,,,,,,,
,,,,,,,,,,,,,,,,,,,,,,,,,,,,,
,,,,,,,,,,,,,,,,,,,,,,,,,,,,,
,,,,,,,,,,,,,,,,,,,,,,,,,,,,,
,,,,,,,,,,,,,,,,,,,,,,,,,,,,,
,,,,,,,,,,,,,,,,,,,,,,,,,,,,,
,,,,,,,,,,,,,,,,,,,,,,,,,,,,,
,,,,,,,,,,,,,,,,,,,,,,,,,,,,,
,,,,,,,,,,,,,,,,,,,,,,,,,,,,,
,,,,,,,,,,,,,,,,,,,,,,,,,,,,,
,,,,,,,,,,,,,,,,,,,,,,,,,,,,,
,,,,,,,,,,,,,,,,,,,,,,,,,,,,,
,,,,,,,,,,,,,,,,,,,,,,,,,,,,,
,,,,,,,,,,,,,,,,,,,,,,,,,,,,,
,,,,,,,,,,,,,,,,,,,,,,,,,,,,,
,,,,,,,,,,,,,,,,,,,,,,,,,,,,,
,,,,,,,,,,,,,,,,,,,,,,,,,,,,,
,,,,,,,,,,,,,,,,,,,,,,,,,,,,,
,,,,,,,,,,,,,,,,,,,,,,,,,,,,,
,,,,,,,,,,,,,,,,,,,,,,,,,,,,,
,,,,,,,,,,,,,,,,,,,,,,,,,,,,,
,,,,,,,,,,,,,,,,,,,,,,,,,,,,,
,,,,,,,,,,,,,,,,,,,,,,,,,,,,,
,,,,,,,,,,,,,,,,,,,,,,,,,,,,,
,,,,,,,,,,,,,,,,,,,,,,,,,,,,,
,,,,,,,,,,,,,,,,,,,,,,,,,,,,,
,,,,,,,,,,,,,,,,,,,,,,,,,,,,,
,,,,,,,,,,,,,,,,,,,,,,,,,,,,,
,,,,,,,,,,,,,,,,,,,,,,,,,,,,,
,,,,,,,,,,,,,,,,,,,,,,,,,,,,,
,,,,,,,,,,,,,,,,,,,,,,,,,,,,,
,,,,,,,,,,,,,,,,,,,,,,,,,,,,,
,,,,,,,,,,,,,,,,,,,,,,,,,,,,,
,,,,,,,,,,,,,,,,,,,,,,,,,,,,,
,,,,,,,,,,,,,,,,,,,,,,,,,,,,,
,,,,,,,,,,,,,,,,,,,,,,,,,,,,,
,,,,,,,,,,,,,,,,,,,,,,,,,,,,,
,,,,,,,,,,,,,,,,,,,,,,,,,,,,,
,,,,,,,,,,,,,,,,,,,,,,,,,,,,,
,,,,,,,,,,,,,,,,,,,,,,,,,,,,,
,,,,,,,,,,,,,,,,,,,,,,,,,,,,,
,,,,,,,,,,,,,,,,,,,,,,,,,,,,,
,,,,,,,,,,,,,,,,,,,,,,,,,,,,,
,,,,,,,,,,,,,,,,,,,,,,,,,,,,,
,,,,,,,,,,,,,,,,,,,,,,,,,,,,,
,,,,,,,,,,,,,,,,,,,,,,,,,,,,,
,,,,,,,,,,,,,,,,,,,,,,,,,,,,,
,,,,,,,,,,,,,,,,,,,,,,,,,,,,,
,,,,,,,,,,,,,,,,,,,,,,,,,,,,,
,,,,,,,,,,,,,,,,,,,,,,,,,,,,,
,,,,,,,,,,,,,,,,,,,,,,,,,,,,,
,,,,,,,,,,,,,,,,,,,,,,,,,,,,,
,,,,,,,,,,,,,,,,,,,,,,,,,,,,,
,,,,,,,,,,,,,,,,,,,,,,,,,,,,,
,,,,,,,,,,,,,,,,,,,,,,,,,,,,,
,,,,,,,,,,,,,,,,,,,,,,,,,,,,,
,,,,,,,,,,,,,,,,,,,,,,,,,,,,,
,,,,,,,,,,,,,,,,,,,,,,,,,,,,,
,,,,,,,,,,,,,,,,,,,,,,,,,,,,,
,,,,,,,,,,,,,,,,,,,,,,,,,,,,,
,,,,,,,,,,,,,,,,,,,,,,,,,,,,,
,,,,,,,,,,,,,,,,,,,,,,,,,,,,,
,,,,,,,,,,,,,,,,,,,,,,,,,,,,,
,,,,,,,,,,,,,,,,,,,,,,,,,,,,,
,,,,,,,,,,,,,,,,,,,,,,,,,,,,,
,,,,,,,,,,,,,,,,,,,,,,,,,,,,,
,,,,,,,,,,,,,,,,,,,,,,,,,,,,,
,,,,,,,,,,,,,,,,,,,,,,,,,,,,,
,,,,,,,,,,,,,,,,,,,,,,,,,,,,,
,,,,,,,,,,,,,,,,,,,,,,,,,,,,,
,,,,,,,,,,,,,,,,,,,,,,,,,,,,,
,,,,,,,,,,,,,,,,,,,,,,,,,,,,,
,,,,,,,,,,,,,,,,,,,,,,,,,,,,,
,,,,,,,,,,,,,,,,,,,,,,,,,,,,,
,,,,,,,,,,,,,,,,,,,,,,,,,,,,,
,,,,,,,,,,,,,,,,,,,,,,,,,,,,,
,,,,,,,,,,,,,,,,,,,,,,,,,,,,,
,,,,,,,,,,,,,,,,,,,,,,,,,,,,,
,,,,,,,,,,,,,,,,,,,,,,,,,,,,,
,,,,,,,,,,,,,,,,,,,,,,,,,,,,,
,,,,,,,,,,,,,,,,,,,,,,,,,,,,,